snp-dists 0.8.2,MPSPGB1-1,MPSPGB10-2,MPSPGB10-3,MPSPGB100,MPSPGB101,MPSPGB102-1,MPSPGB102-3,MPSPGB103-1,MPSPGB103-2,MPSPGB103-3,MPSPGB104,MPSPGB105-1,MPSPGB105-2,MPSPGB106-1,MPSPGB106-3,MPSPGB107-1,MPSPGB107-2,MPSPGB108-1,MPSPGB108-3,MPSPGB109-1,MPSPGB109-2,MPSPGB110-1,MPSPGB110-2,MPSPGB111,MPSPGB112,MPSPGB113-1,MPSPGB113-2,MPSPGB114,MPSPGB115,MPSPGB116,MPSPGB117,MPSPGB118,MPSPGB119-1,MPSPGB119-2,MPSPGB12-1,MPSPGB12-2,MPSPGB120,MPSPGB121,MPSPGB122-1,MPSPGB122-2,MPSPGB123,MPSPGB124,MPSPGB125,MPSPGB126-1,MPSPGB126-2,MPSPGB127,MPSPGB128-1,MPSPGB129-1,MPSPGB129-2,MPSPGB13-1,MPSPGB130,MPSPGB14-1,MPSPGB14-2,MPSPGB15-1,MPSPGB16-1,MPSPGB19-1,MPSPGB19-3,MPSPGB20-1,MPSPGB24-1,MPSPGB24-2,MPSPGB25-1,MPSPGB26-1,MPSPGB26-2,MPSPGB27-1,MPSPGB27-2,MPSPGB28-1,MPSPGB28-2,MPSPGB29-2,MPSPGB29-3,MPSPGB29-4,MPSPGB30-1,MPSPGB30-4,MPSPGB30-6,MPSPGB31-1,MPSPGB31-2,MPSPGB31-3,MPSPGB31-4,MPSPGB32-1,MPSPGB32-3,MPSPGB33-1,MPSPGB34-1,MPSPGB34-3,MPSPGB35-1,MPSPGB35-4,MPSPGB36,MPSPGB37-1,MPSPGB37-2,MPSPGB38-1,MPSPGB39-1,MPSPGB39-2,MPSPGB4-1,MPSPGB4-2,MPSPGB40-1,MPSPGB41-1,MPSPGB42,MPSPGB43-1,MPSPGB45,MPSPGB46,MPSPGB47-1,MPSPGB48-1,MPSPGB48-3,MPSPGB49,MPSPGB5-2,MPSPGB51,MPSPGB52-1,MPSPGB52-2,MPSPGB52-4,MPSPGB53-1,MPSPGB53-2,MPSPGB53-3,MPSPGB54-1,MPSPGB55-1,MPSPGB56-1,MPSPGB56-2,MPSPGB56-3,MPSPGB57-1,MPSPGB57-2,MPSPGB57-3,MPSPGB58-1,MPSPGB58-2,MPSPGB58-3,MPSPGB59,MPSPGB6-2,MPSPGB60-1,MPSPGB60-2,MPSPGB61-1,MPSPGB61-2,MPSPGB62-1,MPSPGB62-2,MPSPGB63-1,MPSPGB63-2,MPSPGB63-3,MPSPGB64-1,MPSPGB64-3,MPSPGB65-1,MPSPGB66-1,MPSPGB67-1,MPSPGB68-1,MPSPGB69-1,MPSPGB69-2,MPSPGB7-1,MPSPGB7-3,MPSPGB70,MPSPGB71,MPSPGB72-1,MPSPGB72-2,MPSPGB73-1,MPSPGB73-2,MPSPGB74,MPSPGB75,MPSPGB76,MPSPGB77,MPSPGB78,MPSPGB79,MPSPGB8-2,MPSPGB81-1,MPSPGB81-2,MPSPGB82-1,MPSPGB82-2,MPSPGB83,MPSPGB84,MPSPGB85-1,MPSPGB85-2,MPSPGB86,MPSPGB87-1,MPSPGB88,MPSPGB89,MPSPGB9-1,MPSPGB9-3,MPSPGB90-2,MPSPGB91,MPSPGB92-1,MPSPGB92-2,MPSPGB92-3,MPSPGB93-1,MPSPGB93-3,MPSPGB94-1,MPSPGB94-2,MPSPGB95,MPSPGB96,MPSPGB97-1,MPSPGB97-2,MPSPGB98,MPSPGB99-1,Reference
MPSPGB1-1,0,38278,35113,46108,44754,161,33907,33706,33710,33722,33888,36875,33739,39501,39491,836,835,39491,39504,33941,33700,835,39481,39501,38236,36841,34051,32666,45742,33570,33443,33999,33419,1577,9,33092,33435,45380,34163,45357,38793,35078,38776,34003,33589,34002,1552,1554,1552,38770,39335,33883,33866,36861,38695,45771,45758,11,172,169,167,35045,35060,33720,33724,33990,33988,41366,33155,33987,39528,38259,39107,33721,38187,33727,38184,39114,32710,858,33995,45543,1617,32795,45536,35081,1613,1615,114,112,33994,35112,36853,36889,117,33732,191,38251,39513,191,39514,175,208,33991,39126,39130,39139,45719,38281,35420,33905,35090,33733,33725,33718,33744,33716,33716,45670,45732,38231,45769,170,38225,38225,37807,45758,45560,34052,45541,45760,33721,34006,37826,33153,39406,45196,38221,38110,38117,38283,174,38759,33731,1629,1627,33717,1622,38457,33358,39129,34004,33930,33590,38239,33858,33852,33868,33866,38757,35170,35077,35070,33347,33250,38137,33520,38274,33992,39949,33741,33728,33726,33718,44792,44804,39331,45703,38787,33713,45279,36893,36887,44785,34644
MPSPGB10-2,38278,0,39025,46230,45950,38567,39138,38637,38654,38648,39119,39670,38632,39984,39995,38592,38611,39979,39994,39116,38634,38580,39981,39984,16,39624,36811,39056,46611,36806,36813,38640,36868,38606,38265,38656,36822,46245,39020,46252,40276,38984,40274,38644,39099,38643,38566,38534,38542,40326,40841,39118,39112,39638,40171,46636,46630,38290,38565,38569,38548,38993,39010,38660,38643,38639,38637,43320,38867,38634,40050,119,40332,38659,39800,38664,39811,40345,38676,38589,38634,46420,38540,39055,46421,39009,38551,38535,38619,38621,38641,39058,39638,39679,38626,38667,38580,124,39997,38579,39990,38595,38585,39165,40335,40334,40343,46603,9,38932,39132,39019,38667,38655,38640,38670,38644,38657,46626,46541,116,46567,38588,120,124,33634,46570,46548,38648,46546,46558,38641,38647,33652,38587,40737,46541,37,40010,40002,2,38559,40287,38631,38582,38600,38629,38612,40346,38438,40434,39179,36847,39174,121,39042,39042,39050,39051,40576,39076,38977,38981,38430,39220,40023,38637,118,38642,40684,38668,38673,38670,38666,45954,45966,40816,46566,40313,38644,46419,39663,39666,45981,39154
MPSPGB10-3,35113,39025,0,44722,44188,35249,35528,35148,35162,35151,35514,36972,35145,37443,37457,35278,35324,37442,37453,35593,35133,35265,37439,37439,38971,36929,35659,35183,44782,35839,35646,35126,35703,35336,35080,35111,35631,44715,35225,44698,37110,115,37112,35134,35389,35135,35286,35266,35290,37120,38387,35501,35498,36922,37611,44820,44813,35137,35252,35257,35252,124,116,35140,35128,35134,35130,40358,34929,35125,37446,39012,37441,35121,36314,35147,36296,37455,35137,35279,35129,44965,35251,35306,44964,107,35250,35251,35292,35324,35134,16,36913,36987,35316,35130,35275,38976,37460,35279,37464,35289,35287,35602,37437,37442,37441,44777,39000,36914,35516,146,35133,35110,35105,35174,35149,35145,44749,45003,38997,45036,35260,38979,38974,39023,45040,44510,35137,44508,45024,35157,35127,39033,34797,38148,44705,39003,37448,37456,39035,35251,37103,35125,35327,35344,35129,35315,37427,34704,38030,35607,35706,35466,38994,35529,35527,35538,35539,38001,182,81,81,34714,35443,37470,35131,38998,35137,38096,35137,35130,35133,35127,44239,44257,38352,44696,37231,35111,44778,36939,36931,44215,35624
MPSPGB100,46108,46230,44722,0,26632,45583,46676,46648,46658,46661,46642,43390,46677,42956,42999,46296,46289,42966,42972,46725,46647,46259,42953,42961,46230,43329,45954,46055,26381,45602,45264,46443,45545,45425,46095,46054,45282,87,46534,89,42905,44728,42890,46451,46872,46445,45390,45367,45375,42949,41743,46654,46652,43368,41863,26412,26391,46128,46345,46313,46345,44689,44694,46658,46663,46435,46429,39519,46820,46436,42992,46226,42589,46653,43030,46664,43025,42613,45853,46272,46447,26229,45397,46202,26233,44706,45396,45394,46348,46360,46436,44742,43366,43384,46362,46663,45644,46204,42967,45640,42969,46333,45584,46761,42600,42602,42606,26366,46223,45923,46663,44689,46678,46660,46653,46696,46668,46675,26387,25825,46184,25832,45561,46182,46174,46460,25822,26012,46462,26006,25818,46683,46447,46496,46062,41856,26064,46197,42504,42498,46230,45559,42916,46659,45405,45413,46642,45424,42171,46426,41149,46760,45716,46938,46181,46720,46726,46729,46727,42426,44813,44722,44724,46420,46920,42757,46061,46234,46437,42284,46662,46678,46656,46662,27414,27409,41736,26390,43211,46640,27251,43379,43389,26641,47467
MPSPGB101,44754,45950,44188,26632,0,45019,46047,45418,45434,45426,46007,42977,45434,42349,42368,45036,45031,42345,42347,46021,45419,45005,42339,42347,45961,42913,44661,45501,25622,44727,44676,45408,44678,45006,44749,45422,44676,26616,45669,26609,42147,44216,42149,45401,45473,45393,44969,44934,44940,42189,41316,46012,46026,42911,41727,25588,25595,44786,45009,44979,45010,44156,44180,45424,45421,45381,45394,39137,45560,45383,42362,45945,41907,45428,42013,45437,41994,41908,45059,45052,45390,25990,44988,45452,25993,44188,44963,44973,45061,45058,45392,44209,42922,42975,45052,45420,45034,45945,42346,45042,42349,45000,45010,46059,41903,41905,41918,25579,45972,44952,46025,44183,45433,45420,45415,45463,45432,45449,25596,26078,45937,26094,44991,45937,45928,46145,26097,25879,45404,25869,26088,45433,45416,46149,45617,41737,26464,45948,42093,42098,45953,45008,42145,45419,44987,45012,45418,45014,41917,45434,40703,46074,44699,45545,45924,46051,46052,46057,46056,42245,44311,44220,44222,45441,45592,42110,45392,45944,45389,41656,45434,45458,45443,45456,110,112,41304,25580,42073,45426,27163,42933,42950,102,46045
MPSPGB102-1,161,38567,35249,45583,45019,0,34040,33249,33241,33257,34034,37182,33254,39192,39188,208,206,39186,39190,34096,33221,206,39174,39189,38523,37145,33505,32840,45976,33681,33559,33655,33525,1520,163,33218,33555,45578,33642,45557,38658,35227,38666,33630,33043,33637,1523,1524,1523,38630,39663,34021,34018,37170,39027,46011,45998,159,187,187,189,35188,35205,33244,33251,33634,33642,41635,32580,33631,39214,38549,38782,33235,37941,33250,37946,38789,32862,132,33639,45813,1578,32947,45797,35227,1579,1575,209,209,33638,35251,37165,37199,177,33226,90,38545,39194,86,39200,191,18,34159,38810,38812,38818,45948,38578,35663,34055,35234,33230,33222,33218,33268,33245,33230,45907,45986,38523,46021,20,38513,38515,38113,46014,45664,33681,45638,46014,33233,33657,38143,33313,39726,45494,38517,38411,38414,38573,20,38662,33267,1576,1574,33263,1568,38786,33233,39400,34126,33559,33218,38527,34061,34057,34061,34063,39082,35328,35229,35224,33220,32796,38444,33656,38568,33633,39738,33252,33245,33244,33240,45078,45091,39671,45965,38746,33236,45552,37208,37203,45054,34241
MPSPGB102-3,33907,39138,35528,46676,46047,34040,0,31951,31964,31957,75,38352,31950,39805,39828,34073,34092,39794,39818,471,31938,34043,39798,39811,39045,38335,34045,32111,47003,34436,34010,33138,34261,34049,33881,31958,34029,46726,32399,46689,39991,35508,39999,33132,32657,33147,34083,34030,34071,39956,40885,49,51,38364,39977,47088,47073,33941,34050,34042,34064,35466,35483,31955,31957,33129,33128,42823,32749,33136,39825,39119,39840,31965,39204,31974,39182,39850,32528,34066,33141,46679,33958,32509,46677,35518,33940,33950,34077,34093,33135,35535,38389,38459,34081,31970,34038,39064,39822,34009,39822,34064,34022,327,39841,39859,39859,47049,39103,35456,59,35510,31973,31949,31942,31987,31953,31960,46889,47144,39061,47176,34034,39033,39026,38595,47171,47246,33167,47215,47163,31979,33135,38631,32941,40624,46669,39063,39914,39907,39146,34019,40006,31940,33991,34023,31936,34016,39850,32762,40434,337,34100,32808,39066,630,625,604,605,40025,35612,35520,35525,32783,31947,40139,33150,39117,33156,40581,31963,31969,31962,31969,46085,46099,40799,47053,40015,31942,46575,38397,38401,46090,558
MPSPGB103-1,33706,38637,35148,46648,45418,33249,31951,0,3,6,31927,37579,5,39719,39741,33715,33747,39698,39726,31946,7,33709,39707,39717,38581,37544,34012,32026,46625,33743,33567,33162,33623,33278,33684,12,33586,46137,33425,46112,39466,35103,39448,33146,32331,33152,33428,33400,33416,39432,40106,31932,31929,37561,39195,46677,46660,33705,33888,33901,33926,35054,35065,50,51,33151,33161,42423,14278,33151,39743,38618,39880,20,39124,53,39095,39894,31637,33799,33162,46267,33225,31626,46268,35087,33200,33223,33939,33941,33150,35135,37578,37655,33910,12,33303,38584,39736,33275,39728,33914,33246,32004,39883,39895,39898,46620,38622,34817,31936,35125,13,10,12,11,8,7,46514,46581,38589,46602,33220,38564,38569,38579,46602,46147,33182,46122,46599,28,33164,38588,31572,39999,46104,38586,39063,39069,38646,33244,39476,43,33297,33324,38,33309,39358,31918,39761,31972,34125,32160,38603,31950,31947,31939,31943,39841,35160,35066,35073,31932,32253,39091,32647,38611,33155,40532,10,18,14,17,46088,46101,40011,46672,39776,6,46090,37567,37597,45457,32503
MPSPGB103-2,33710,38654,35162,46658,45434,33241,31964,3,0,5,31939,37590,5,39731,39754,33708,33739,39711,39740,31947,3,33701,39719,39729,38600,37543,34012,32033,46635,33744,33569,33147,33624,33270,33688,10,33588,46147,33425,46122,39475,35116,39454,33130,32335,33135,33422,33394,33409,39438,40122,31944,31942,37567,39225,46702,46686,33710,33878,33894,33918,35067,35077,48,48,33134,33146,42431,14283,33134,39768,38640,39878,17,39127,51,39099,39893,31641,33792,33145,46277,33219,31631,46278,35100,33193,33215,33931,33933,33133,35150,37583,37657,33902,10,33294,38601,39751,33267,39741,33906,33237,32017,39882,39893,39897,46643,38641,34830,31948,35137,10,10,10,7,6,4,46537,46607,38608,46630,33211,38582,38588,38599,46630,46154,33167,46128,46624,27,33149,38611,31558,40017,46125,38604,39080,39087,38666,33235,39483,41,33288,33315,37,33302,39358,31903,39773,31971,34124,32167,38622,31952,31950,31942,31946,39864,35173,35077,35088,31926,32260,39110,32632,38631,33139,40554,8,15,12,14,46103,46116,40026,46694,39784,7,46112,37572,37617,45471,32514
MPSPGB103-3,33722,38648,35151,46661,45426,33257,31957,6,5,0,31932,37611,0,39741,39766,33725,33754,39723,39748,31947,6,33714,39732,39740,38600,37564,34036,32037,46641,33760,33585,33151,33640,33277,33697,12,33603,46141,33429,46120,39475,35117,39457,33140,32341,33145,33435,33404,33419,39435,40110,31936,31943,37582,39213,46683,46669,33726,33894,33902,33926,35064,35076,48,49,33138,33149,42423,14304,33139,39772,38629,39882,17,39153,52,39123,39898,31635,33805,33149,46283,33222,31631,46284,35095,33196,33217,33945,33948,33139,35144,37597,37677,33917,9,33301,38606,39759,33276,39751,33915,33249,32013,39888,39899,39902,46626,38634,34826,31942,35133,9,8,8,4,7,5,46533,46599,38613,46623,33223,38586,38589,38592,46624,46154,33172,46128,46617,29,33152,38604,31563,40012,46125,38607,39081,39089,38656,33246,39480,40,33299,33323,40,33308,39353,31915,39775,31974,34143,32161,38613,31951,31951,31943,31947,39853,35177,35080,35089,31933,32263,39111,32634,38621,33147,40553,9,14,12,12,46093,46106,40012,46687,39787,12,46102,37590,37626,45463,32510
MPSPGB104,33888,39119,35514,46642,46007,34034,75,31927,31939,31932,0,38326,31924,39783,39799,34063,34081,39768,39796,464,31901,34022,39775,39789,39017,38315,34022,32097,46971,34412,33987,33125,34238,34034,33862,31919,34004,46690,32385,46655,39963,35493,39971,33114,32632,33128,34067,34013,34054,39924,40859,60,62,38338,39959,47045,47030,33938,34028,34014,34042,35454,35461,31917,31913,33110,33115,42788,32718,33118,39801,39093,39826,31924,39186,31939,39171,39835,32508,34054,33120,46648,33941,32490,46645,35500,33926,33929,34056,34073,33117,35520,38369,38433,34057,31937,34017,39043,39800,33990,39797,34046,34002,321,39826,39843,39844,47004,39083,35426,66,35489,31931,31911,31902,31960,31925,31928,46861,47104,39044,47138,34011,39013,39007,38571,47133,47225,33155,47191,47123,31952,33123,38610,32911,40595,46633,39045,39887,39882,39125,34001,39974,31908,33976,34009,31903,34002,39843,32730,40407,331,34077,32790,39044,627,622,601,602,40008,35581,35494,35494,32752,31923,40114,33133,39096,33138,40554,31930,31943,31929,31937,46047,46061,40774,47012,39981,31913,46531,38370,38372,46053,549
MPSPGB105-1,36875,39670,36972,43390,42977,37182,38352,37579,37590,37611,38326,0,37606,34651,34675,37303,37330,34670,34660,38391,37579,37286,34646,34653,39634,205,37799,37938,43724,37987,37807,37799,37842,37061,36848,37570,37824,43409,38080,43386,34970,36931,34976,37799,38141,37794,37050,37030,37035,34927,36333,38329,38314,181,34889,43744,43733,36883,37264,37288,37285,36884,36911,37612,37623,37786,37796,38103,37755,37787,34653,39652,34707,37600,34111,37621,34111,34743,37957,37236,37796,43458,37068,38034,43455,36927,37076,37056,37289,37300,37785,36974,193,218,37255,37579,37229,39641,34661,37226,34674,37296,37189,38454,34725,34723,34731,43710,39692,38057,38340,36966,37594,37581,37578,37630,37609,37594,43680,43731,39616,43773,37188,39602,39596,38963,43756,43401,37803,43397,43761,37584,37803,38991,37604,35675,43615,39613,34454,34464,39673,37172,34972,37630,37078,37092,37628,37085,34731,37531,36113,38436,37833,38311,39615,38378,38385,38386,38382,35313,37029,36925,36921,37530,38086,34487,37814,39673,37787,35694,37603,37605,37600,37596,43088,43099,36299,43747,34958,37569,43265,225,234,43020,38496
MPSPGB105-2,33739,38632,35145,46677,45434,33254,31950,5,5,0,31924,37606,0,39741,39765,33735,33764,39722,39747,31942,6,33728,39732,39740,38591,37558,34037,32042,46639,33754,33577,33157,33634,33283,33712,10,33602,46149,33435,46124,39476,35109,39458,33151,32348,33152,33438,33407,33423,39435,40112,31926,31923,37574,39209,46680,46668,33735,33910,33919,33941,35055,35067,49,48,33143,33154,42437,14302,33148,39766,38612,39886,19,39156,52,39123,39900,31633,33807,33154,46298,33227,31628,46298,35087,33199,33224,33960,33961,33144,35136,37594,37671,33932,10,33305,38590,39757,33281,39751,33928,33255,32004,39888,39899,39902,46625,38620,34817,31934,35126,10,10,10,3,6,4,46529,46603,38589,46628,33229,38572,38577,38582,46626,46153,33181,46127,46624,29,33158,38592,31562,40016,46135,38583,39073,39080,38639,33251,39482,41,33302,33326,40,33311,39346,31930,39779,31972,34146,32171,38595,31944,31943,31937,31940,39866,35169,35072,35081,31945,32276,39102,32636,38611,33155,40568,10,14,11,11,46114,46127,40017,46684,39801,11,46111,37586,37614,45473,32508
MPSPGB106-1,39501,39984,37443,42956,42349,39192,39805,39719,39731,39741,39783,34651,39741,0,6,39786,39800,3,4,39803,39721,39782,13,3,39946,34591,39047,39156,43117,38625,38427,39213,38471,39142,39470,39178,38423,42553,39772,42523,32688,37408,32673,39200,39982,39204,39071,39065,39070,32675,35519,39784,39770,34582,33168,43138,43137,39514,39845,39834,39868,37337,37358,39741,39730,39207,39200,37688,39767,39206,48,39999,32982,39736,33951,39736,33946,33011,39174,39716,39196,43103,39092,39314,43096,37374,39104,39078,39865,39864,39212,37416,34608,34647,39869,39734,39226,39937,50,39210,54,39853,39168,39837,32989,32997,33001,43104,39993,39229,39799,37381,39738,39729,39722,39757,39735,39745,43055,43209,39928,43235,39177,39918,39913,39525,43216,42584,39225,42575,43232,39735,39218,39524,39088,34726,42675,39940,31826,31824,39993,39180,32693,39744,39141,39158,39728,39158,32990,39469,34868,39859,38738,39995,39932,39755,39755,39755,39755,33980,37476,37392,37401,39463,39735,31816,38844,39993,39214,35184,39732,39723,39738,39711,43050,43054,35483,43045,32900,39712,42829,34616,34626,42397,40383
MPSPGB106-3,39491,39995,37457,42999,42368,39188,39828,39741,39754,39766,39799,34675,39765,6,0,39794,39807,5,4,39818,39744,39791,11,5,39956,34610,39071,39166,43131,38639,38440,39222,38485,39136,39458,39201,38438,42588,39777,42558,32706,37427,32691,39209,40008,39213,39064,39058,39063,32691,35547,39810,39793,34599,33180,43149,43148,39510,39837,39828,39865,37350,37380,39767,39760,39215,39211,37712,39763,39215,45,40011,32978,39760,33971,39763,33961,33008,39185,39719,39205,43119,39082,39325,43117,37391,39096,39069,39856,39857,39219,37430,34618,34662,39863,39760,39217,39948,51,39200,53,39842,39158,39859,32986,32996,32998,43124,40008,39248,39825,37404,39768,39755,39749,39786,39759,39770,43066,43238,39943,43262,39169,39930,39925,39545,43244,42602,39234,42594,43260,39760,39228,39547,39102,34750,42690,39953,31841,31833,40004,39170,32709,39769,39134,39153,39755,39153,32987,39483,34887,39874,38750,40010,39944,39764,39766,39769,39771,34002,37498,37419,37425,39479,39747,31824,38848,40005,39223,35210,39759,39748,39764,39738,43068,43072,35502,43058,32918,39738,42839,34636,34644,42414,40414
MPSPGB107-1,836,38592,35278,46296,45036,208,34073,33715,33708,33725,34063,37303,33735,39786,39794,0,4,39794,39801,34087,33686,5,39765,39794,38548,37264,34174,32826,46014,33736,33583,34216,33635,1637,835,33215,33580,45644,34273,45624,39121,35245,39113,34281,33677,34281,1523,1525,1525,39101,39670,34055,34051,37267,39054,46037,46021,854,782,783,786,35208,35225,33695,33689,34201,34209,41639,33188,34197,39895,38572,39443,33695,38584,33691,38584,39467,32856,671,34206,45855,1588,32943,45841,35244,1589,1583,841,847,34204,35279,37201,37315,843,33701,157,38568,39801,152,39803,784,217,34121,39471,39476,39468,45976,38603,35760,34070,35258,33704,33693,33689,33742,33720,33718,45948,46099,38545,46135,180,38535,38538,38134,46124,45834,34265,45807,46129,33790,34225,38164,33321,39841,45518,38543,38421,38423,38601,183,39103,33712,1604,1606,33702,1596,38772,33574,39416,34146,34172,33720,38554,34036,34032,34052,34052,39086,35345,35250,35241,33556,33331,38455,33674,38595,34199,40433,33713,33703,33711,33695,45728,45740,39685,46010,39319,33686,45564,37233,37227,45069,34276
MPSPGB107-2,835,38611,35324,46289,45031,206,34092,33747,33739,33754,34081,37330,33764,39800,39807,4,0,39807,39815,34110,33717,2,39780,39809,38569,37297,34199,32846,46027,33761,33609,34241,33661,1640,837,33244,33606,45638,34274,45619,39186,35290,39178,34303,33701,34301,1530,1534,1532,39162,39700,34078,34075,37297,39073,46051,46035,854,781,786,787,35249,35269,33726,33720,34226,34234,41671,33217,34222,39912,38594,39490,33722,38618,33721,38622,39514,32880,668,34231,45851,1585,32967,45836,35286,1585,1584,841,847,34228,35320,37230,37344,842,33732,154,38588,39815,152,39819,786,214,34143,39519,39524,39515,45989,38623,35759,34093,35305,33732,33722,33718,33771,33750,33746,45961,46094,38565,46132,178,38555,38558,38123,46119,45844,34290,45819,46126,33821,34252,38154,33351,39848,45512,38562,38458,38462,38620,180,39164,33740,1605,1604,33732,1599,38820,33607,39432,34171,34197,33751,38574,34057,34053,34073,34073,39092,35389,35288,35284,33587,33366,38494,33698,38615,34224,40444,33743,33733,33741,33725,45721,45734,39717,46015,39368,33716,45579,37266,37260,45065,34292
MPSPGB108-1,39491,39979,37442,42966,42345,39186,39794,39698,39711,39723,39768,34670,39722,3,5,39794,39807,0,5,39791,39701,39791,14,2,39943,34606,39052,39146,43119,38620,38423,39205,38463,39137,39459,39158,38414,42555,39766,42525,32697,37412,32677,39191,39986,39193,39067,39060,39065,32676,35525,39774,39758,34595,33168,43140,43138,39509,39839,39830,39862,37334,37360,39724,39717,39198,39193,37686,39753,39198,46,39992,32978,39717,33964,39720,33952,33008,39165,39719,39187,43104,39086,39308,43100,37376,39099,39071,39857,39858,39202,37415,34614,34659,39865,39717,39218,39934,53,39201,53,39844,39158,39824,32986,32996,32998,43114,39991,39228,39790,37388,39725,39712,39706,39743,39719,39730,43056,43217,39932,43244,39172,39919,39913,39521,43223,42596,39213,42587,43240,39720,39208,39523,39084,34741,42675,39940,31825,31823,39988,39169,32695,39729,39139,39157,39712,39156,32991,39467,34880,39847,38731,39989,39930,39741,39742,39742,39744,33979,37483,37397,37403,39456,39732,31815,38827,39986,39205,35198,39716,39708,39721,39695,43045,43049,35489,43048,32903,39694,42822,34632,34640,42391,40385
MPSPGB108-3,39504,39994,37453,42972,42347,39190,39818,39726,39740,39748,39796,34660,39747,4,4,39801,39815,5,0,39809,39729,39798,11,5,39954,34595,39057,39158,43108,38623,38425,39209,38469,39140,39472,39182,38418,42560,39780,42530,32703,37417,32688,39197,40001,39200,39071,39063,39068,32687,35534,39798,39784,34589,33179,43130,43129,39512,39843,39834,39868,37345,37367,39749,39738,39203,39197,37688,39764,39203,44,40008,32985,39743,33961,39744,33958,33014,39182,39728,39193,43104,39091,39322,43097,37384,39104,39077,39864,39863,39208,37426,34613,34655,39868,39742,39226,39946,51,39210,52,39853,39167,39848,32993,33000,33004,43096,40004,39231,39813,37391,39747,39738,39731,39764,39742,39753,43046,43214,39941,43239,39176,39928,39921,39528,43221,42581,39221,42573,43236,39743,39214,39527,39088,34737,42672,39950,31825,31822,40003,39179,32705,39750,39139,39157,39735,39157,32992,39470,34877,39864,38738,40005,39940,39760,39761,39761,39761,33996,37485,37403,37409,39466,39747,31817,38837,40002,39211,35198,39739,39730,39745,39718,43046,43050,35498,43037,32913,39721,42826,34621,34631,42392,40405
MPSPGB109-1,33941,39116,35593,46725,46021,34096,471,31946,31947,31947,464,38391,31942,39803,39818,34087,34110,39791,39809,0,31918,34052,39798,39805,39017,38363,34083,32018,46863,34495,34060,33206,34323,34114,33917,31912,34081,46735,32315,46699,40081,35552,40092,33188,32668,33194,33974,33922,33957,40039,40728,458,462,38361,39965,46940,46929,34001,34041,34036,34056,35517,35534,31924,31938,33196,33205,42852,32707,33201,39825,39096,39851,31929,39240,31949,39211,39863,32464,34127,33202,46699,33990,32496,46696,35567,33973,33982,34096,34113,33198,35602,38389,38426,34104,31931,34086,39040,39811,34058,39814,34060,34051,490,39853,39871,39873,46920,39083,35543,470,35576,31927,31917,31907,31966,31944,31933,46876,47163,39035,47200,34064,39005,39004,38598,47192,47257,33222,47228,47182,31973,33205,38637,32766,40653,46646,39045,39934,39928,39130,34049,40106,31925,34003,34031,31917,34028,39865,32599,40505,489,34095,32697,39044,588,577,555,556,39990,35655,35557,35561,32601,31979,40162,33222,39101,33217,40558,31918,31933,31925,31930,46054,46069,40696,46776,40052,31910,46537,38384,38383,46065,94
MPSPGB109-2,33700,38634,35133,46647,45419,33221,31938,7,3,6,31901,37579,6,39721,39744,33686,33717,39701,39729,31918,0,33681,39712,39720,38581,37531,34001,32014,46631,33734,33559,33128,33614,33251,33676,9,33579,46137,33400,46109,39472,35088,39454,33129,32314,33129,33406,33377,33397,39432,40093,31910,31904,37553,39201,46685,46672,33696,33867,33879,33901,35040,35050,48,47,33123,33127,42424,14277,33126,39751,38619,39866,17,39124,53,39096,39878,31619,33772,33134,46275,33206,31612,46275,35072,33177,33205,33918,33918,33123,35120,37570,37647,33889,10,33277,38580,39741,33252,39730,33888,33227,31985,39866,39878,39881,46627,38619,34816,31913,35110,9,10,9,4,5,4,46523,46585,38587,46609,33201,38560,38567,38573,46606,46143,33158,46119,46602,26,33130,38578,31542,40001,46110,38581,39070,39079,38645,33222,39477,40,33268,33294,36,33284,39339,31894,39765,31950,34112,32149,38604,31917,31914,31908,31911,39852,35149,35051,35060,31908,32249,39101,32620,38610,33134,40538,8,14,12,11,46089,46102,39993,46678,39777,7,46096,37560,37595,45458,32474
MPSPGB110-1,835,38580,35265,46259,45005,206,34043,33709,33701,33714,34022,37286,33728,39782,39791,5,2,39791,39798,34052,33681,0,39763,39793,38537,37253,34165,32824,45986,33725,33572,34215,33626,1644,834,33210,33571,45615,34257,45591,39121,35232,39113,34280,33677,34276,1531,1533,1531,39102,39645,34028,34018,37254,39042,46007,45994,854,783,786,790,35191,35210,33690,33683,34200,34208,41621,33189,34200,39895,38563,39447,33688,38574,33683,38576,39470,32852,669,34205,45823,1591,32939,45807,35228,1592,1585,844,848,34202,35262,37185,37304,846,33694,157,38556,39797,154,39801,787,216,34085,39473,39480,39470,45948,38592,35749,34034,35246,33698,33688,33683,33731,33712,33711,45920,46068,38534,46110,180,38524,38527,38100,46094,45804,34268,45779,46102,33784,34224,38128,33308,39819,45488,38530,38424,38425,38589,181,39104,33702,1606,1604,33695,1601,38772,33564,39404,34114,34164,33718,38543,34004,34000,34020,34020,39085,35331,35231,35227,33546,33342,38458,33676,38583,34202,40416,33707,33694,33704,33689,45695,45707,39659,45980,39320,33681,45536,37222,37216,45038,34236
MPSPGB110-2,39481,39981,37439,42953,42339,39174,39798,39707,39719,39732,39775,34646,39732,13,11,39765,39780,14,11,39798,39712,39763,0,14,39942,34585,39039,39132,43119,38619,38423,39203,38462,39122,39449,39169,38413,42548,39751,42520,32696,37397,32681,39189,39972,39189,39051,39046,39050,32677,35526,39778,39765,34577,33181,43142,43140,39496,39821,39814,39846,37331,37349,39733,39722,39199,39191,37691,39728,39197,37,39987,32980,39727,33948,39730,33942,33006,39155,39695,39187,43107,39074,39296,43100,37370,39083,39061,39843,39841,39203,37411,34599,34644,39846,39726,39207,39948,59,39190,60,39832,39148,39829,32984,32993,32996,43106,39986,39232,39794,37378,39729,39726,39715,39750,39722,39737,43058,43213,39931,43240,39154,39918,39914,39537,43218,42581,39212,42573,43237,39724,39205,39542,39073,34732,42663,39936,31823,31819,39984,39159,32694,39735,39123,39142,39720,39135,32993,39457,34879,39845,38731,39976,39926,39740,39738,39738,39740,33979,37469,37389,37396,39448,39721,31821,38830,39985,39205,35187,39721,39711,39725,39700,43036,43041,35490,43049,32902,39702,42820,34613,34621,42381,40375
MPSPGB111,39501,39984,37439,42961,42347,39189,39811,39717,39729,39740,39789,34653,39740,3,5,39794,39809,2,5,39805,39720,39793,14,0,39942,34592,39056,39160,43115,38624,38425,39215,38470,39136,39469,39176,38418,42551,39780,42523,32694,37403,32679,39200,40001,39203,39067,39059,39063,32680,35519,39792,39780,34586,33160,43135,43134,39513,39840,39832,39864,37331,37353,39743,39731,39209,39203,37693,39767,39209,46,39995,32981,39734,33951,39738,33947,33011,39182,39725,39198,43099,39089,39322,43092,37370,39100,39076,39863,39861,39214,37411,34608,34651,39866,39736,39223,39933,53,39207,54,39850,39165,39842,32989,32998,33001,43103,39994,39231,39807,37378,39740,39731,39724,39757,39734,39745,43050,43211,39927,43235,39173,39914,39907,39525,43217,42586,39226,42577,43234,39735,39220,39524,39091,34724,42670,39941,31820,31817,39993,39177,32697,39743,39136,39155,39727,39153,32987,39472,34869,39861,38735,40003,39929,39754,39755,39755,39755,33985,37472,37390,37397,39467,39740,31810,38840,39991,39217,35183,39731,39722,39735,39709,43046,43050,35486,43044,32907,39713,42825,34616,34625,42392,40397
MPSPGB112,38236,16,38971,46230,45961,38523,39045,38581,38600,38600,39017,39634,38591,39946,39956,38548,38569,39943,39954,39017,38581,38537,39942,39942,0,39587,36787,39002,46619,36783,36785,38596,36845,38564,38224,38603,36797,46240,38961,46242,40212,38947,40210,38605,39036,38605,38524,38489,38499,40268,40782,39019,39007,39592,40098,46661,46655,38247,38528,38523,38507,38942,38964,38606,38591,38598,38591,43323,38829,38594,40005,126,40282,38608,39775,38610,39780,40294,38633,38540,38593,46421,38499,39006,46417,38957,38505,38496,38579,38580,38598,39004,39590,39633,38588,38613,38540,121,39957,38538,39958,38547,38547,39071,40286,40284,40296,46625,17,38895,39030,38971,38617,38601,38586,38621,38592,38602,46638,46546,120,46579,38547,121,125,33611,46579,46539,38608,46539,46571,38587,38602,33623,38551,40664,46565,33,39934,39925,16,38519,40226,38579,38534,38555,38577,38565,40298,38391,40371,39080,36825,39116,126,38945,38947,38954,38955,40535,39035,38939,38943,38393,39159,39946,38596,126,38600,40613,38615,38627,38615,38620,45965,45978,40770,46579,40259,38586,46438,39626,39632,45993,39055
MPSPGB113-1,36841,39624,36929,43329,42913,37145,38335,37544,37543,37564,38315,205,37558,34591,34610,37264,37297,34606,34595,38363,37531,37253,34585,34592,39587,0,37742,37897,43653,37921,37749,37752,37776,37012,36815,37512,37767,43377,38049,43361,34923,36896,34930,37754,38100,37750,37003,36984,36987,34882,36290,38323,38314,160,34834,43668,43657,36850,37235,37256,37251,36840,36866,37564,37573,37736,37752,38021,37709,37739,34609,39604,34655,37548,34043,37571,34055,34690,37891,37201,37745,43407,37035,37968,43401,36881,37044,37024,37261,37271,37736,36924,166,62,37228,37528,37191,39595,34601,37190,34616,37261,37152,38417,34674,34670,34680,43641,39647,38037,38334,36916,37544,37529,37526,37582,37561,37545,43608,43685,39568,43725,37152,39557,39546,38922,43708,43350,37759,43345,43719,37535,37756,38951,37562,35667,43555,39568,34414,34420,39626,37138,34925,37583,37070,37076,37582,37069,34674,37480,36091,38397,37778,38250,39571,38327,38328,38330,38325,35267,36985,36887,36886,37481,38016,34441,37765,39624,37737,35650,37559,37561,37554,37549,43031,43043,36274,43691,34899,37522,43215,65,79,42957,38478
MPSPGB113-2,34051,36811,35659,45954,44661,33505,34045,34012,34012,34036,34022,37799,34037,39047,39071,34174,34199,39052,39057,34083,34001,34165,39039,39056,36787,37742,0,33507,45500,129,175,34528,133,33574,34027,33620,174,45272,33848,45273,39473,35650,39448,34521,34304,34514,33493,33462,33484,39404,39641,34030,34013,37746,38910,45558,45545,34066,34138,34155,34167,35631,35650,34027,34023,34499,34511,41922,34574,34506,39089,36795,39474,34031,38793,34027,38777,39509,33163,34250,34508,45343,33476,33361,45346,35667,33466,33466,34201,34204,34499,35673,37755,37790,34195,34031,33553,36790,39051,33549,39041,34165,33537,34129,39483,39493,39482,45569,36809,35575,34038,35664,34035,34026,34019,34044,34025,34014,45453,45662,36787,45666,33525,36778,36789,36755,45663,45232,34540,45216,45668,34028,34522,36762,33677,39442,45314,36787,38760,38774,36823,33515,39425,34041,33549,33584,34030,33571,38850,34104,38981,34068,631,33924,36793,34119,34119,34125,34128,39313,35722,35641,35647,34095,33322,38785,33998,36793,34516,40037,34038,34034,34039,34023,45276,45284,39587,45387,39781,34019,45359,37782,37796,44668,34830
MPSPGB114,32666,39056,35183,46055,45501,32840,32111,32026,32033,32037,32097,37938,32042,39156,39166,32826,32846,39146,39158,32018,32014,32824,39132,39160,39002,37897,33507,0,46257,33705,33508,32076,33541,32803,32665,32019,33489,46016,31860,45998,39505,35190,39503,32065,18896,32053,32928,32887,32915,39490,40289,32095,32093,37896,39250,46327,46312,32686,32821,32819,32830,35150,35170,32013,32024,32061,32072,42427,31693,32059,39173,39045,39104,32039,38865,32035,38826,39118,18868,32855,32058,46130,32742,18851,46115,35175,32734,32743,32862,32860,32062,35196,37906,37956,32848,32022,32856,39008,39157,32842,39152,32840,32852,32079,39117,39130,39130,46274,39049,35080,32102,35174,32016,32034,32011,32036,32031,32017,46198,46416,39010,46446,32827,38992,38989,38497,46455,45887,32097,45872,46445,32012,32090,38508,32175,39811,45916,39019,39152,39150,39070,32816,39518,32015,32822,32844,32016,32827,39113,32097,39807,32017,33666,18994,39019,31988,31995,31990,31986,39714,35278,35179,35184,32112,24488,39178,32074,39045,32065,39742,32024,32042,32042,32043,45509,45522,40256,46338,39478,32030,46156,37925,37948,45532,32189
MPSPGB115,45742,46611,44782,26381,25622,45976,47003,46625,46635,46641,46971,43724,46639,43117,43131,46014,46027,43119,43108,46863,46631,45986,43119,43115,46619,43653,45500,46257,0,45644,45516,46327,45560,45954,45728,46628,45538,26480,46086,26474,42670,44782,42675,46323,46440,46328,45998,45937,45949,42707,42108,46992,46984,43675,42134,100,99,45769,45983,45976,45975,44747,44763,46626,46637,46310,46322,40155,46766,46310,43156,46599,42568,46647,42601,46633,42589,42573,46069,46019,46320,26421,45886,46402,26430,44784,45886,45878,46080,46079,46313,44803,43694,43768,46075,46631,45992,46614,43117,46000,43125,45986,46026,46924,42574,42586,42594,110,46624,45670,46995,44766,46644,46634,46631,46660,46650,46648,270,26892,46577,26902,46020,46581,46574,46501,26897,25530,46339,25522,26893,46643,46340,46509,46399,42165,26432,46606,42809,42809,46619,46016,42663,46640,45945,45976,46633,45985,42578,46198,41503,46900,45659,46540,46573,46890,46895,46899,46898,42614,44874,44788,44791,46186,46298,42801,46320,46606,46309,42052,46647,46669,46658,46665,25662,25666,42073,600,42581,46642,27417,43680,43709,25641,47101
MPSPGB116,33570,36806,35839,45602,44727,33681,34436,33743,33744,33760,34412,37987,33754,38625,38639,33736,33761,38620,38623,34495,33734,33725,38619,38624,36783,37921,129,33705,45644,0,73,34081,17,33715,33546,33713,69,45627,33403,45622,39167,35815,39166,34067,33694,34064,33736,33705,33723,39154,39729,34406,34390,37921,39025,45691,45678,33582,33745,33762,33762,35789,35809,33750,33754,34052,34066,42356,33937,34058,38640,36791,39045,33733,38542,33759,38520,39062,33394,33734,34057,45688,33667,33589,45692,35827,33653,33654,33828,33826,34050,35846,37935,37973,33784,33723,33731,36793,38618,33727,38611,33770,33747,34555,39055,39066,39068,45652,36805,36047,34423,35841,33727,33717,33711,33770,33745,33731,45613,45982,36783,45985,33722,36771,36785,36787,45983,45514,34095,45498,45988,33736,34074,36801,33905,39581,45451,36779,38900,38912,36818,33720,39168,33763,33723,33754,33759,33747,39050,33859,39107,34540,117,33797,36784,34466,34465,34479,34481,39542,35894,35803,35812,33857,33159,38915,34084,36788,34067,39560,33739,33734,33730,33730,44785,44795,39673,45563,39274,33723,45482,37951,37966,44736,34578
MPSPGB117,33443,36813,35646,45264,44676,33559,34010,33567,33569,33585,33987,37807,33577,38427,38440,33583,33609,38423,38425,34060,33559,33572,38423,38425,36785,37749,175,33508,45516,73,0,34022,80,33560,33419,33565,3,45286,33234,45278,38996,35633,38991,34011,33451,34009,33520,33491,33509,38962,39678,33995,33978,37757,38915,45566,45550,33455,33582,33602,33607,35613,35635,33571,33574,33992,34005,41929,33774,33998,38449,36794,38842,33579,38320,33575,38301,38858,33166,33621,34001,45356,33537,33373,45359,35650,33521,33526,33667,33665,33992,35656,37762,37804,33657,33576,33603,36789,38419,33597,38412,33612,33607,34104,38879,38889,38891,45541,36811,35502,34008,35652,33579,33570,33560,33596,33569,33557,45474,45688,36780,45693,33600,36771,36784,36755,45686,45152,34062,45137,45691,33582,34017,36762,33685,39455,45322,36785,38760,38774,36824,33595,38966,33581,33567,33604,33578,33583,38849,33605,38929,34112,152,33501,36785,33979,33977,33975,33979,39326,35708,35625,35631,33603,32962,38781,34016,36792,34009,39353,33592,33586,33579,33582,44652,44661,39623,45409,39075,33573,45367,37793,37806,44683,34139
MPSPGB118,33999,38640,35126,46443,45408,33655,33138,33162,33147,33151,33125,37799,33157,39213,39222,34216,34241,39205,39209,33206,33128,34215,39203,39215,38596,37752,34528,32076,46327,34081,34022,0,34064,33673,33988,32581,34024,46066,32851,46044,38765,35135,38766,58,33138,43,33625,33582,33602,38806,40237,33133,33128,37753,39222,46385,46371,34031,34156,34139,34155,35092,35106,33129,33128,45,40,42283,32655,36,39265,38622,39418,33131,38905,33136,38890,39421,32549,33940,44,46342,33606,32608,46335,35132,33589,33601,34195,34200,46,35145,37761,37806,34193,33134,33692,38601,39215,33680,39212,34158,33656,33236,39405,39411,39424,46333,38631,34782,33135,35105,33134,33132,33117,33176,33155,33144,46314,46390,38606,46431,33628,38578,38581,38736,46422,46091,39,46086,46424,33135,35,38759,32813,40135,46253,38608,38707,38702,38659,33620,38786,33141,33670,33694,33129,33694,39031,33131,39573,33241,34572,33250,38608,33091,33096,33104,33105,39378,35220,35124,35139,33138,33063,38690,43,38624,46,40457,33145,33156,33150,33152,45919,45933,40232,46237,39079,33139,45853,37775,37791,45428,33777
MPSPGB119-1,33419,36868,35703,45545,44678,33525,34261,33623,33624,33640,34238,37842,33634,38471,38485,33635,33661,38463,38469,34323,33614,33626,38462,38470,36845,37776,133,33541,45560,17,80,34064,0,33553,33395,33606,76,45575,33232,45575,38992,35686,38997,34047,33486,34041,33576,33544,33559,38986,39695,34237,34220,37791,38950,45638,45623,33419,33640,33664,33663,35660,35688,33645,33650,34035,34049,42242,33818,34039,38481,36852,38890,33626,38343,33652,38322,38905,33230,33591,34039,45657,33548,33403,45660,35696,33533,33539,33679,33677,34032,35717,37809,37829,33633,33616,33591,36848,38463,33585,38457,33671,33588,34389,38901,38909,38914,45570,36866,35785,34248,35710,33619,33611,33603,33651,33626,33611,45521,45924,36833,45922,33561,36826,36839,36801,45933,45459,34075,45445,45929,33619,34054,36815,33711,39496,45369,36844,38753,38765,36881,33567,39002,33656,33571,33603,33651,33585,38888,33704,38959,34370,122,33651,36838,34301,34299,34312,34315,39389,35756,35677,35686,33710,32994,38784,34070,36850,34046,39514,33631,33627,33621,33623,44748,44757,39642,45521,39143,33615,45418,37827,37843,44685,34457
MPSPGB119-2,1577,38606,35336,45425,45006,1520,34049,33278,33270,33277,34034,37061,33283,39142,39136,1637,1640,39137,39140,34114,33251,1644,39122,39136,38564,37012,33574,32803,45954,33715,33560,33673,33553,0,1579,33242,33553,45426,33513,45398,38539,35297,38543,33653,33056,33654,161,164,164,38501,39511,34030,34013,37037,39004,45998,45985,1575,1622,1618,1618,35258,35279,33283,33285,33658,33665,41539,32682,33662,39141,38589,38681,33260,37797,33288,37802,38690,32855,1568,33657,45658,133,32963,45649,35294,134,132,1639,1638,33659,35330,37044,37064,1591,33250,1572,38581,39144,1571,39148,1626,1559,34167,38672,38675,38680,45929,38616,35570,34045,35310,33256,33247,33243,33296,33277,33260,45888,45842,38563,45874,1523,38552,38549,38097,45868,45580,33677,45559,45868,33252,33678,38122,33293,39664,45363,38559,38431,38438,38612,1527,38544,33296,185,188,33294,191,38681,33230,39225,34159,33570,33258,38565,34052,34052,34067,34067,38950,35389,35301,35294,33212,32783,38456,33692,38609,33662,39692,33270,33261,33262,33259,45106,45113,39522,45952,38624,33254,45547,37070,37063,45040,34235
MPSPGB12-1,9,38265,35080,46095,44749,163,33881,33684,33688,33697,33862,36848,33712,39470,39458,835,837,39459,39472,33917,33676,834,39449,39469,38224,36815,34027,32665,45728,33546,33419,33988,33395,1579,0,33066,33411,45371,34155,45348,38763,35045,38746,33991,33572,33990,1552,1555,1553,38741,39332,33858,33844,36834,38677,45760,45747,17,168,165,165,35014,35029,33693,33696,33979,33977,41355,33135,33976,39498,38246,39079,33697,38160,33700,38163,39087,32696,855,33984,45537,1614,32782,45522,35048,1610,1615,113,109,33983,35080,36827,36864,120,33705,191,38237,39482,196,39482,173,210,33964,39099,39103,39111,45703,38268,35415,33878,35060,33705,33698,33691,33718,33688,33691,45657,45726,38219,45766,168,38213,38213,37801,45752,45550,34041,45531,45754,33693,33995,37819,33136,39389,45182,38207,38087,38091,38270,179,38732,33703,1630,1627,33690,1622,38434,33344,39108,33979,33905,33567,38226,33838,33830,33846,33843,38741,35138,35045,35039,33330,33237,38111,33510,38261,33981,39925,33713,33700,33698,33690,44787,44799,39328,45690,38754,33688,45269,36866,36860,44780,34619
MPSPGB12-2,33092,38656,35111,46054,45422,33218,31958,12,10,12,31919,37570,10,39178,39201,33215,33244,39158,39182,31912,9,33210,39169,39176,38603,37512,33620,32019,46628,33713,33565,32581,33606,33242,33066,0,33584,46105,32841,46079,39066,35095,39070,32572,31720,32575,33375,33347,33366,39037,40112,31931,31930,37540,39170,46695,46681,33090,33249,33248,33261,35058,35068,12,18,32568,32575,42413,13720,32570,39216,38638,39325,18,38693,16,38659,39334,31621,33258,32581,46266,33188,31614,46270,35090,33158,33186,33292,33292,32570,35105,37556,37626,33283,10,33262,38600,39186,33243,39179,33256,33230,31981,39329,39340,39344,46636,38641,34713,31930,35088,3,6,2,9,8,10,46530,46580,38614,46602,33206,38587,38587,38596,46603,46072,32599,46047,46596,12,32582,38597,31533,39981,46121,38607,39058,39067,38666,33227,39056,12,33282,33307,11,33295,39346,31356,39773,31924,33664,31779,38623,31898,31898,31893,31894,39855,35163,35066,35074,31374,32229,39089,32580,38631,32581,39882,12,19,15,15,45445,45458,40010,46644,39111,12,46101,37567,37611,45461,31988
MPSPGB120,33435,36822,35631,45282,44676,33555,34029,33586,33588,33603,34004,37824,33602,38423,38438,33580,33606,38414,38418,34081,33579,33571,38413,38418,36797,37767,174,33489,45538,69,3,34024,76,33553,33411,33584,0,45302,33240,45295,38990,35618,38985,34015,33434,34011,33514,33483,33505,38957,39665,34013,33996,37775,38912,45583,45570,33450,33576,33594,33605,35602,35623,33591,33593,33993,34006,41953,33798,33999,38448,36802,38838,33599,38316,33597,38301,38853,33149,33613,34002,45377,33529,33367,45378,35636,33518,33518,33657,33657,33994,35644,37779,37817,33650,33596,33597,36806,38414,33590,38408,33605,33611,34124,38874,38885,38887,45560,36820,35508,34027,35640,33598,33589,33579,33615,33585,33572,45493,45703,36789,45712,33590,36782,36796,36772,45704,45166,34063,45150,45710,33597,34017,36782,33685,39445,45329,36793,38766,38776,36833,33583,38960,33598,33561,33597,33597,33575,38845,33599,38948,34131,151,33485,36793,33980,33978,33995,33997,39312,35696,35612,35619,33593,32935,38783,34017,36801,34012,39343,33610,33602,33598,33601,44655,44663,39618,45427,39072,33593,45364,37809,37824,44681,34164
MPSPGB121,45380,46245,44715,87,26616,45578,46726,46137,46147,46141,46690,43409,46149,42553,42588,45644,45638,42555,42560,46735,46137,45615,42548,42551,46240,43377,45272,46016,26480,45627,45286,46066,45575,45426,45371,46105,45302,0,45974,8,42572,44713,42578,46067,46251,46065,45410,45379,45382,42614,41795,46705,46690,43420,41863,26503,26488,45395,45646,45620,45647,44685,44689,46140,46138,46059,46061,39521,46319,46062,42564,46235,42181,46136,42461,46148,42459,42201,45895,45626,46061,26210,45396,46187,26215,44697,45396,45398,45647,45653,46060,44734,43414,43479,45638,46127,45630,46207,42559,45624,42567,45641,45581,46778,42188,42194,42194,26467,46237,45885,46712,44681,46146,46127,46125,46179,46156,46154,26448,25816,46185,25822,45563,46185,46185,46447,25814,25878,46073,25872,25809,46152,46077,46486,46136,41848,26113,46198,42502,42499,46244,45561,42592,46138,45377,45403,46139,45409,42210,45999,41183,46764,45310,46369,46192,46760,46763,46766,46762,42427,44806,44715,44718,45991,46312,42758,46064,46244,46062,41826,46130,46140,46132,46141,26699,26697,41751,26435,42518,46111,27299,43427,43438,26628,46842
MPSPGB122-1,34163,39020,35225,46534,45669,33642,32399,33425,33425,33429,32385,38080,33435,39772,39777,34273,34274,39766,39780,32315,33400,34257,39751,39780,38961,38049,33848,31860,46086,33403,33234,32851,33232,33513,34155,32841,33240,45974,0,45962,39451,35229,39460,32851,32952,32837,33576,33553,33599,39465,39945,32381,32382,38061,39319,46167,46154,34200,34282,34263,34290,35185,35203,33423,33415,32859,32845,42431,32348,32849,39802,39027,39592,33415,39536,33432,39503,39584,32311,34084,32842,46052,33486,32361,46038,35209,33483,33489,34317,34343,32857,35247,38064,38102,34329,33439,33650,38955,39778,33632,39774,34278,33644,32373,39564,39574,39578,46111,39016,35142,32397,35226,33420,33414,33398,33438,33417,33428,46122,46298,38973,46330,33596,38956,38946,38386,46334,46111,32857,46102,46327,33443,32855,38415,32769,39990,46062,38971,39257,39253,39042,33623,39501,33402,33503,33531,33402,33497,39034,33137,39377,32360,33923,33171,38984,32269,32269,32274,32274,39782,35304,35216,35232,33133,32634,39271,32531,39021,32862,40455,33428,33458,33437,33438,46369,46377,39922,46210,39992,33409,45713,38090,38101,45705,33096
MPSPGB122-2,45357,46252,44698,89,26609,45557,46689,46112,46122,46120,46655,43386,46124,42523,42558,45624,45619,42525,42530,46699,46109,45591,42520,42523,46242,43361,45273,45998,26474,45622,45278,46044,45575,45398,45348,46079,45295,8,45962,0,42564,44703,42570,46048,46235,46041,45385,45353,45356,42607,41782,46666,46660,43405,41860,26497,26479,45376,45623,45597,45621,44667,44671,46114,46112,46039,46042,39508,46298,46039,42539,46240,42176,46111,42458,46124,42455,42203,45895,45607,46038,26189,45371,46175,26196,44682,45370,45371,45623,45633,46037,44719,43400,43458,45614,46101,45604,46208,42528,45600,42537,45619,45557,46740,42191,42193,42196,26458,46243,45852,46676,44664,46119,46101,46097,46155,46129,46126,26440,25796,46187,25803,45538,46186,46187,46451,25796,25885,46051,25880,25787,46127,46056,46488,46110,41840,26109,46203,42492,42489,46251,45537,42584,46113,45358,45377,46111,45384,42212,45973,41173,46727,45307,46353,46196,46720,46723,46722,46721,42421,44791,44700,44700,45969,46293,42745,46042,46248,46039,41820,46102,46116,46107,46117,26688,26686,41737,26429,42508,46084,27285,43408,43424,26622,46806
MPSPGB123,38793,40276,37110,42905,42147,38658,39991,39466,39475,39475,39963,34970,39476,32688,32706,39121,39186,32697,32703,40081,39472,39121,32696,32694,40212,34923,39473,39505,42670,39167,38996,38765,38992,38539,38763,39066,38990,42572,39451,42564,0,37079,3,38765,39565,38774,38463,38435,38442,63,35460,39963,39949,34959,33170,42715,42706,38792,39115,39131,39132,37053,37056,39473,39466,38756,38768,37631,39457,38764,32732,40278,33327,39466,33695,39477,33713,33342,39011,38873,38760,42602,38482,39150,42600,37085,38479,38477,39171,39164,38757,37109,34960,34978,39162,39474,38683,40231,32710,38663,32713,39148,38659,40135,33333,33337,33344,42665,40265,38867,39976,37082,39466,39455,39449,39482,39469,39448,42623,42847,40202,42896,38663,40187,40179,39756,42872,42248,38781,42232,42878,39491,38770,39794,38978,34619,42627,40197,32689,32683,40281,38643,60,39473,38526,38557,39478,38560,32989,39316,35076,40131,39458,39654,40201,39989,39987,39988,39983,33927,37151,37058,37060,39310,39831,32694,38587,40273,38773,34883,39494,39471,39483,39474,42624,42628,35412,42605,2073,39463,42923,34989,34999,42182,40603
MPSPGB124,35078,38984,115,44728,44216,35227,35508,35103,35116,35117,35493,36931,35109,37408,37427,35245,35290,37412,37417,35552,35088,35232,37397,37403,38947,36896,35650,35190,44782,35815,35633,35135,35686,35297,35045,35095,35618,44713,35229,44703,37079,0,37085,35138,35372,35141,35240,35221,35245,37088,38390,35487,35484,36892,37571,44811,44804,35111,35217,35223,35223,43,44,35099,35098,35132,35138,40373,34932,35129,37440,38972,37429,35108,36302,35104,36271,37445,35153,35241,35132,44965,35209,35314,44957,58,35214,35210,35261,35290,35132,111,36896,36943,35288,35109,35248,38955,37423,35252,37438,35249,35256,35599,37427,37432,37434,44762,38973,36848,35501,134,35116,35090,35092,35145,35112,35110,44751,45002,38972,45040,35230,38957,38946,38984,45040,44538,35144,44534,45030,35123,35135,39011,34795,38102,44679,38984,37425,37429,39003,35219,37072,35101,35318,35332,35108,35303,37434,34665,38013,35603,35686,35443,38959,35499,35497,35509,35510,38023,174,72,73,34682,35408,37444,35136,38964,35134,38038,35131,35131,35125,35128,44234,44252,38355,44654,37198,35095,44760,36930,36924,44249,35593
MPSPGB125,38776,40274,37112,42890,42149,38666,39999,39448,39454,39457,39971,34976,39458,32673,32691,39113,39178,32677,32688,40092,39454,39113,32681,32679,40210,34930,39448,39503,42675,39166,38991,38766,38997,38543,38746,39070,38985,42578,39460,42570,3,37085,0,38770,39546,38780,38466,38441,38448,64,35454,39973,39959,34966,33173,42719,42709,38777,39098,39115,39117,37055,37059,39455,39448,38761,38768,37637,39466,38769,32716,40283,33306,39446,33693,39459,33708,33322,39010,38881,38768,42601,38485,39151,42599,37090,38481,38479,39153,39147,38762,37111,34967,34985,39145,39457,38689,40230,32691,38669,32694,39131,38664,40145,33313,33317,33324,42669,40268,38857,39986,37085,39448,39437,39430,39464,39450,39429,42628,42849,40201,42897,38668,40185,40180,39756,42874,42256,38785,42240,42880,39473,38770,39795,38977,34622,42628,40196,32692,32685,40284,38648,65,39454,38530,38561,39458,38561,32987,39299,35076,40139,39440,39646,40206,39998,39996,39997,39992,33929,37156,37063,37067,39292,39810,32695,38584,40277,38777,34870,39476,39450,39465,39456,42603,42607,35411,42608,2060,39444,42927,34991,34999,42184,40600
MPSPGB126-1,34003,38644,35134,46451,45401,33630,33132,33146,33130,33140,33114,37799,33151,39200,39209,34281,34303,39191,39197,33188,33129,34280,39189,39200,38605,37754,34521,32065,46323,34067,34011,58,34047,33653,33991,32572,34015,46067,32851,46048,38765,35138,38770,0,33134,39,33614,33575,33593,38798,40243,33118,33109,37767,39211,46400,46385,34015,34216,34209,34212,35102,35114,33144,33142,29,28,42274,32661,48,39242,38629,39425,33134,38882,33149,38864,39426,32543,33923,28,46331,33632,32605,46326,35138,33608,33630,34222,34223,37,35155,37772,37804,34198,33136,33688,38596,39203,33672,39197,34220,33647,33238,39406,39417,39427,46327,38634,34783,33120,35114,33139,33137,33122,33166,33142,33139,46306,46384,38608,46429,33618,38576,38577,38739,46421,46077,58,46076,46417,33118,62,38754,32819,40139,46265,38605,38701,38697,38661,33612,38793,33147,33655,33680,33135,33682,39021,33203,39589,33233,34574,33317,38616,33080,33086,33094,33095,39387,35226,35130,35144,33206,33048,38685,54,38628,38,40535,33138,33144,33142,33145,45932,45946,40236,46271,39122,33133,45859,37789,37804,45422,33832
MPSPGB126-2,33589,39099,35389,46872,45473,33043,32657,32331,32335,32341,32632,38141,32348,39982,40008,33677,33701,39986,40001,32668,32314,33677,39972,40001,39036,38100,34304,18896,46440,33694,33451,33138,33486,33056,33572,31720,33434,46251,32952,46235,39565,35372,39546,33134,0,33133,33075,33034,33062,39569,40258,32618,32607,38125,39223,46529,46516,33594,33857,33861,33853,35322,35342,32369,32355,33144,33145,42544,32192,33145,40021,39105,39788,32326,39494,32372,39455,39815,331,33561,33142,46364,33057,296,46358,35345,33048,33055,33847,33854,33143,35410,38155,38139,33792,32334,33089,39031,39998,33068,39988,33884,33071,32729,39781,39801,39787,46438,39084,35370,32629,35384,32331,32331,32316,32357,32333,32340,46388,46684,39050,46722,33034,39029,39029,38379,46719,46328,33176,46309,46713,32311,33151,38401,31771,40041,46237,39047,39467,39464,39111,33039,39638,32344,33048,33081,32349,33065,39224,32336,39795,32701,34106,1159,39066,32706,32709,32705,32705,39917,35465,35363,35369,32316,25743,39483,32710,39102,33161,40750,32314,32320,32338,32324,46260,46270,40207,46435,40021,32311,46355,38143,38160,45516,33481
MPSPGB127,34002,38643,35135,46445,45393,33637,33147,33152,33135,33145,33128,37794,33152,39204,39213,34281,34301,39193,39200,33194,33129,34276,39189,39203,38605,37750,34514,32053,46328,34064,34009,43,34041,33654,33990,32575,34011,46065,32837,46041,38774,35141,38780,39,33133,0,33615,33573,33595,38809,40242,33130,33117,37762,39232,46409,46395,34016,34217,34201,34206,35104,35116,33144,33140,31,28,42286,32654,28,39246,38630,39418,33134,38888,33153,38869,39418,32549,33927,25,46340,33634,32609,46328,35139,33612,33628,34217,34220,32,35157,37771,37797,34194,33139,33691,38596,39205,33678,39201,34218,33652,33252,39399,39410,39419,46334,38634,34781,33132,35117,33136,33136,33120,33169,33143,33136,46315,46387,38608,46428,33622,38577,38579,38740,46423,46072,39,46069,46423,33119,43,38755,32808,40129,46257,38603,38705,38701,38661,33617,38805,33145,33655,33681,33133,33680,39019,33184,39583,33241,34567,33314,38614,33094,33098,33106,33108,39385,35228,35132,35145,33185,33055,38689,37,38626,32,40530,33139,33147,33141,33146,45918,45932,40232,46279,39136,33131,45862,37784,37799,45416,33840
MPSPGB128-1,1552,38566,35286,45390,44969,1523,34083,33428,33422,33435,34067,37050,33438,39071,39064,1523,1530,39067,39071,33974,33406,1531,39051,39067,38524,37003,33493,32928,45998,33736,33520,33625,33576,161,1552,33375,33514,45410,33576,45385,38463,35240,38466,33614,33075,33615,0,2,2,38430,39526,34078,34057,37003,38950,46026,46019,1552,1532,1531,1532,35203,35222,33397,33407,33608,33615,41518,32810,33612,39093,38547,38608,33391,37819,33407,37825,38618,32822,1542,33608,45610,105,32923,45601,35237,109,106,1575,1571,33610,35281,36978,37052,1572,33383,1546,38537,39074,1544,39080,1535,1546,34014,38611,38615,38620,45989,38573,35489,34083,35257,33388,33380,33371,33449,33428,33416,45892,45822,38522,45858,1508,38509,38503,38018,45851,45536,33645,45517,45848,33441,33630,38046,33384,39646,45343,38519,38341,38347,38573,1509,38447,33415,163,163,33412,168,38614,33219,39156,34033,33686,33114,38523,33945,33946,33966,33966,38906,35326,35242,35235,33220,32776,38378,33647,38569,33614,39539,33408,33399,33396,33395,45021,45029,39532,46084,38509,33386,45435,36995,36988,45002,34178
MPSPGB129-1,1554,38534,35266,45367,44934,1524,34030,33400,33394,33404,34013,37030,33407,39065,39058,1525,1534,39060,39063,33922,33377,1533,39046,39059,38489,36984,33462,32887,45937,33705,33491,33582,33544,164,1555,33347,33483,45379,33553,45353,38435,35221,38441,33575,33034,33573,2,0,2,38404,39487,34025,34007,36984,38941,45975,45961,1555,1536,1535,1534,35183,35203,33369,33381,33564,33572,41469,32778,33569,39088,38512,38574,33364,37799,33377,37808,38584,32780,1543,33564,45582,106,32882,45571,35215,109,106,1577,1573,33566,35260,36957,37027,1574,33353,1550,38504,39069,1548,39075,1540,1549,33963,38577,38580,38586,45931,38542,35477,34031,35238,33360,33352,33344,33419,33401,33389,45834,45792,38490,45831,1513,38478,38471,38002,45822,45500,33599,45481,45818,33413,33589,38030,33339,39624,45304,38487,38310,38317,38538,1514,38423,33389,167,167,33386,172,38582,33173,39160,33980,33657,33067,38488,33899,33899,33915,33915,38882,35307,35223,35215,33171,32727,38348,33605,38534,33571,39512,33381,33369,33369,33366,44997,45004,39495,46024,38483,33359,45387,36976,36969,44967,34128
MPSPGB129-2,1552,38542,35290,45375,44940,1523,34071,33416,33409,33419,34054,37035,33423,39070,39063,1525,1532,39065,39068,33957,33397,1531,39050,39063,38499,36987,33484,32915,45949,33723,33509,33602,33559,164,1553,33366,33505,45382,33599,45356,38442,35245,38448,33593,33062,33595,2,2,0,38413,39479,34063,34045,36990,38954,45987,45973,1554,1533,1533,1532,35207,35226,33389,33399,33588,33592,41471,32796,33591,39090,38523,38584,33383,37806,33398,37813,38594,32805,1541,33588,45590,107,32907,45582,35241,107,106,1577,1573,33590,35284,36962,37038,1575,33373,1547,38512,39074,1542,39079,1538,1549,34001,38587,38590,38596,45942,38550,35501,34068,35261,33380,33372,33363,33434,33414,33403,45844,45798,38497,45836,1512,38484,38478,38003,45825,45492,33620,45470,45823,33427,33607,38028,33357,39637,45312,38493,38329,38335,38547,1514,38431,33401,168,167,33399,170,38589,33192,39157,34018,33676,33093,38498,33929,33932,33948,33949,38899,35331,35247,35239,33189,32776,38365,33623,38546,33594,39526,33397,33384,33383,33381,44993,45001,39484,46033,38495,33374,45394,36979,36972,44974,34163
MPSPGB13-1,38770,40326,37120,42949,42189,38630,39956,39432,39438,39435,39924,34927,39435,32675,32691,39101,39162,32676,32687,40039,39432,39102,32677,32680,40268,34882,39404,39490,42707,39154,38962,38806,38986,38501,38741,39037,38957,42614,39465,42607,63,37088,64,38798,39569,38809,38430,38404,38413,0,35470,39929,39917,34918,33169,42764,42754,38778,39099,39102,39112,37063,37063,39430,39427,38799,38806,37649,39443,38805,32730,40332,33315,39427,33680,39444,33694,33331,39004,38856,38807,42644,38449,39145,42639,37088,38450,38441,39149,39141,38798,37120,34915,34935,39145,39430,38654,40285,32695,38631,32699,39125,38627,40090,33323,33326,33333,42715,40314,38909,39940,37088,39421,39413,39407,39446,39430,39408,42673,42893,40251,42933,38636,40240,40234,39802,42917,42308,38820,42295,42929,39449,38808,39832,38985,34634,42687,40255,32661,32652,40332,38608,34,39433,38501,38526,39437,38529,32974,39311,35057,40089,39428,39648,40253,39991,39990,39991,39989,33972,37158,37065,37067,39308,39812,32674,38618,40326,38815,34899,39455,39434,39445,39437,42678,42682,35426,42649,2075,39425,42973,34952,34974,42227,40580
MPSPGB130,39335,40841,38387,41743,41316,39663,40885,40106,40122,40110,40859,36333,40112,35519,35547,39670,39700,35525,35534,40728,40093,39645,35526,35519,40782,36290,39641,40289,42108,39729,39678,40237,39695,39511,39332,40112,39665,41795,39945,41782,35460,38390,35454,40243,40258,40242,39526,39487,39479,35470,0,40871,40866,36304,33965,42087,42082,39341,39655,39626,39651,38353,38368,40115,40105,40223,40234,38604,39944,40225,35564,40833,34397,40125,35384,40127,35401,34426,40097,39673,40230,42092,39473,40195,42073,38371,39484,39465,39732,39735,40230,38401,36298,36353,39743,40125,39677,40766,35541,39665,35537,39648,39686,40755,34452,34449,34456,42064,40834,39977,40878,38368,40128,40110,40099,40148,40115,40119,42007,42146,40786,42162,39695,40758,40755,40530,42156,41698,40290,41691,42164,40121,40251,40542,40258,32738,41973,40791,34811,34801,40838,39677,35465,40093,39490,39531,40103,39512,34413,40093,31199,40762,39808,40343,40771,40657,40653,40654,40656,33673,38464,38372,38375,40108,39937,34779,40245,40834,40238,32640,40138,40138,40136,40134,41379,41388,105,42144,35488,40107,41742,36330,36322,41359,40969
MPSPGB14-1,33883,39118,35501,46654,46012,34021,49,31932,31944,31936,60,38329,31926,39784,39810,34055,34078,39774,39798,458,31910,34028,39778,39792,39019,38323,34030,32095,46992,34406,33995,33133,34237,34030,33858,31931,34013,46705,32381,46666,39963,35487,39973,33118,32618,33130,34078,34025,34063,39929,40871,0,15,38350,39954,47053,47037,33925,34025,34015,34044,35441,35458,31932,31933,33114,33122,42777,32730,33123,39813,39091,39826,31938,39171,31948,39150,39835,32495,34052,33125,46642,33944,32478,46649,35491,33935,33934,34045,34065,33120,35505,38368,38447,34050,31943,34017,39039,39801,33991,39803,34041,33995,321,39828,39844,39843,47027,39081,35435,55,35487,31951,31922,31917,31973,31927,31939,46877,47103,39044,47130,34006,39012,39001,38571,47129,47233,33152,47200,47122,31950,33130,38617,32929,40593,46644,39044,39898,39893,39123,33994,39977,31918,33981,34015,31918,34011,39838,32750,40417,325,34083,32767,39039,623,614,590,592,39998,35585,35494,35498,32764,31924,40126,33138,39093,33141,40552,31947,31950,31943,31949,46050,46064,40781,47036,39978,31922,46541,38378,38383,46056,544
MPSPGB14-2,33866,39112,35498,46652,46026,34018,51,31929,31942,31943,62,38314,31923,39770,39793,34051,34075,39758,39784,462,31904,34018,39765,39780,39007,38314,34013,32093,46984,34390,33978,33128,34220,34013,33844,31930,33996,46690,32382,46660,39949,35484,39959,33109,32607,33117,34057,34007,34045,39917,40866,15,0,38344,39956,47048,47032,33928,34017,34003,34024,35435,35451,31928,31928,33110,33117,42777,32727,33112,39800,39081,39814,31934,39162,31947,39142,39823,32483,34041,33122,46649,33933,32463,46648,35487,33917,33921,34036,34053,33112,35503,38360,38431,34041,31943,34008,39032,39787,33986,39788,34022,33984,329,39822,39831,39841,47016,39073,35420,57,35480,31941,31918,31911,31971,31924,31930,46875,47103,39035,47134,33986,39003,38993,38558,47130,47239,33142,47206,47123,31951,33121,38603,32916,40588,46638,39043,39888,39881,39118,33985,39962,31915,33977,33999,31909,34002,39829,32729,40409,329,34066,32753,39036,623,615,594,594,39992,35580,35489,35494,32749,31919,40114,33127,39089,33133,40542,31935,31947,31936,31941,46064,46078,40777,47028,39966,31919,46533,38370,38375,46071,542
MPSPGB15-1,36861,39638,36922,43368,42911,37170,38364,37561,37567,37582,38338,181,37574,34582,34599,37267,37297,34595,34589,38361,37553,37254,34577,34586,39592,160,37746,37896,43675,37921,37757,37753,37791,37037,36834,37540,37775,43420,38061,43405,34959,36892,34966,37767,38125,37762,37003,36984,36990,34918,36304,38350,38344,0,34852,43688,43677,36872,37235,37261,37257,36848,36871,37581,37584,37746,37752,38041,37736,37744,34605,39615,34682,37569,34050,37584,34062,34721,37922,37204,37751,43434,37044,37990,43433,36888,37048,37030,37271,37279,37746,36920,31,178,37253,37556,37193,39602,34593,37192,34602,37269,37176,38426,34716,34716,34724,43658,39655,38043,38360,36904,37568,37557,37550,37596,37575,37563,43632,43710,39575,43749,37176,39561,39555,38917,43736,43367,37775,43361,43739,37566,37758,38942,37581,35701,43557,39575,34422,34429,39640,37160,34953,37599,37092,37100,37596,37098,34706,37468,36116,38398,37792,38259,39580,38337,38337,38338,38337,35304,36990,36890,36885,37476,38046,34452,37762,39638,37747,35651,37584,37585,37578,37576,43007,43015,36288,43690,34930,37551,43236,175,183,42954,38484
MPSPGB16-1,38695,40171,37611,41863,41727,39027,39977,39195,39225,39213,39959,34889,39209,33168,33180,39054,39073,33168,33179,39965,39201,39042,33181,33160,40098,34834,38910,39250,42134,39025,38915,39222,38950,39004,38677,39170,38912,41863,39319,41860,33170,37571,33173,39211,39223,39232,38950,38941,38954,33169,33965,39954,39956,34852,0,42151,42149,38702,39039,39020,39043,37533,37558,39200,39191,39198,39212,37603,39175,39209,33192,40179,32440,39185,33400,39203,33419,32468,38994,39043,39214,42029,38940,39150,42015,37551,38954,38935,39043,39052,39200,37583,34842,34894,39055,39184,39048,40112,33181,39032,33183,39035,38994,39981,32451,32458,32459,42102,40161,38842,39970,37550,39190,39167,39162,39233,39207,39212,42069,42247,40092,42279,39013,40072,40060,39824,42265,41815,39235,41809,42266,39239,39214,39856,39068,33225,41915,40093,33279,33277,40180,39013,33151,39193,38960,38975,39192,38988,32429,38907,33268,39983,38968,39313,40096,39879,39878,39877,39877,33279,37639,37572,37569,38914,39431,33283,39230,40180,39215,33162,39202,39201,39197,39196,41795,41797,33926,42077,33128,39171,41987,34867,34865,41757,40013
MPSPGB19-1,45771,46636,44820,26412,25588,46011,47088,46677,46702,46683,47045,43744,46680,43138,43149,46037,46051,43140,43130,46940,46685,46007,43142,43135,46661,43668,45558,46327,100,45691,45566,46385,45638,45998,45760,46695,45583,26503,46167,26497,42715,44811,42719,46400,46529,46409,46026,45975,45987,42764,42087,47053,47048,43688,42151,0,9,45782,46027,46004,46001,44782,44799,46692,46695,46366,46374,40208,46834,46374,43181,46645,42637,46709,42629,46699,42626,42643,46102,46034,46384,26443,45913,46492,26454,44822,45909,45903,46109,46108,46376,44837,43711,43799,46102,46699,46004,46654,43139,46010,43145,46022,46065,46989,42637,42648,42656,71,46653,45727,47053,44806,46708,46691,46691,46711,46699,46708,239,26925,46618,26931,46065,46623,46610,46542,26928,25520,46398,25513,26923,46728,46397,46550,46469,42206,26397,46641,42858,42856,46645,46056,42708,46688,45960,45997,46683,46002,42623,46279,41543,46978,45730,46630,46600,46976,46979,46986,46988,42640,44902,44817,44819,46280,46397,42850,46379,46639,46373,42076,46712,46724,46718,46717,25639,25645,42050,574,42666,46690,27389,43690,43715,25605,47173
MPSPGB19-3,45758,46630,44813,26391,25595,45998,47073,46660,46686,46669,47030,43733,46668,43137,43148,46021,46035,43138,43129,46929,46672,45994,43140,43134,46655,43657,45545,46312,99,45678,45550,46371,45623,45985,45747,46681,45570,26488,46154,26479,42706,44804,42709,46385,46516,46395,46019,45961,45973,42754,42082,47037,47032,43677,42149,9,0,45769,46011,45991,45988,44775,44792,46680,46680,46352,46360,40205,46818,46359,43179,46639,42626,46692,42632,46687,42629,42634,46086,46018,46370,26424,45897,46476,26434,44815,45893,45887,46093,46092,46362,44832,43700,43788,46086,46685,45991,46647,43138,45998,43143,46006,46053,46975,42626,42638,42645,62,46647,45714,47037,44799,46694,46677,46677,46699,46685,46694,231,26906,46612,26914,46052,46617,46604,46543,26911,25514,46383,25507,26906,46716,46382,46551,46457,42201,26400,46635,42844,42842,46639,46044,42698,46675,45947,45984,46669,45986,42613,46268,41531,46959,45717,46617,46594,46965,46968,46975,46975,42629,44896,44811,44813,46263,46393,42836,46365,46633,46359,42070,46696,46710,46704,46703,25645,25651,42046,566,42657,46678,27381,43678,43703,25612,47163
MPSPGB20-1,11,38290,35137,46128,44786,159,33941,33705,33710,33726,33938,36883,33735,39514,39510,854,854,39509,39512,34001,33696,854,39496,39513,38247,36850,34066,32686,45769,33582,33455,34031,33419,1575,17,33090,33450,45395,34200,45376,38792,35111,38777,34015,33594,34016,1552,1555,1554,38778,39341,33925,33928,36872,38702,45782,45769,0,184,181,182,35072,35087,33709,33716,34004,34020,41379,33158,34004,39537,38267,39119,33711,38205,33714,38193,39127,32714,866,34020,45559,1627,32805,45546,35107,1631,1623,117,117,34010,35140,36865,36899,114,33721,193,38262,39526,188,39533,185,202,34040,39140,39143,39149,45732,38300,35451,33957,35119,33721,33710,33705,33748,33718,33715,45693,45751,38242,45789,167,38236,38235,37822,45780,45594,34069,45573,45779,33715,34036,37847,33174,39428,45211,38239,38135,38140,38296,170,38767,33731,1629,1628,33715,1623,38469,33388,39141,34066,33928,33605,38250,33913,33908,33924,33925,38769,35205,35114,35104,33376,33248,38158,33539,38290,34004,39983,33739,33737,33723,33718,44805,44817,39345,45744,38803,33711,45278,36907,36901,44816,34713
MPSPGB24-1,172,38565,35252,46345,45009,187,34050,33888,33878,33894,34028,37264,33910,39845,39837,782,781,39839,39843,34041,33867,783,39821,39840,38528,37235,34138,32821,45983,33745,33582,34156,33640,1622,168,33249,33576,45646,34282,45623,39115,35217,39098,34216,33857,34217,1532,1536,1533,39099,39655,34025,34017,37235,39039,46027,46011,184,0,5,3,35182,35198,33874,33887,34143,34143,41614,33278,34138,39937,38548,39511,33876,38550,33882,38557,39521,32861,816,34154,45826,1566,32943,45817,35216,1562,1565,206,202,34144,35252,37172,37277,209,33880,144,38538,39853,145,39861,21,224,34096,39529,39534,39542,45960,38573,35716,34033,35234,33885,33871,33867,33920,33890,33890,45916,46070,38525,46107,179,38516,38513,38114,46097,45818,34203,45797,46105,33968,34161,38140,33284,39836,45496,38515,38424,38427,38571,189,39091,33895,1580,1580,33877,1574,38808,33488,39407,34102,34152,33735,38526,34027,34022,34037,34035,39103,35313,35214,35211,33472,33477,38456,33675,38568,34140,40285,33895,33887,33881,33873,45080,45093,39667,45979,39091,33863,45537,37201,37198,45046,34750
MPSPGB24-2,169,38569,35257,46313,44979,187,34042,33901,33894,33902,34014,37288,33919,39834,39828,783,786,39830,39834,34036,33879,786,39814,39832,38523,37256,34155,32819,45976,33762,33602,34139,33664,1618,165,33248,33594,45620,34263,45597,39131,35223,39115,34209,33861,34201,1531,1535,1533,39102,39626,34015,34003,37261,39020,46004,45991,181,5,0,4,35187,35202,33876,33884,34131,34130,41604,33284,34127,39929,38547,39488,33878,38567,33885,38573,39500,32857,815,34137,45778,1566,32939,45775,35221,1565,1563,203,203,34131,35259,37193,37302,208,33882,142,38541,39845,146,39849,20,222,34083,39507,39510,39520,45944,38577,35698,34020,35237,33886,33874,33872,33927,33900,33898,45907,46041,38521,46072,180,38511,38514,38078,46064,45801,34193,45780,46071,33976,34148,38106,33289,39786,45465,38516,38407,38415,38575,194,39093,33899,1578,1579,33884,1574,38783,33490,39384,34095,34171,33737,38529,34011,34007,34022,34019,39062,35321,35225,35217,33472,33482,38448,33665,38569,34131,40237,33903,33890,33891,33879,45041,45052,39643,45967,39096,33876,45534,37225,37220,45012,34746
MPSPGB25-1,167,38548,35252,46345,45010,189,34064,33926,33918,33926,34042,37285,33941,39868,39865,786,787,39862,39868,34056,33901,790,39846,39864,38507,37251,34167,32830,45975,33762,33607,34155,33663,1618,165,33261,33605,45647,34290,45621,39132,35223,39117,34212,33853,34206,1532,1534,1532,39112,39651,34044,34024,37257,39043,46001,45988,182,3,4,0,35184,35200,33898,33903,34131,34141,41623,33298,34130,39961,38531,39506,33900,38571,33905,38576,39518,32844,811,34141,45812,1566,32928,45799,35216,1568,1562,201,203,34133,35257,37193,37308,202,33902,140,38528,39879,137,39883,21,216,34102,39523,39527,39533,45942,38561,35714,34050,35237,33907,33896,33894,33951,33921,33916,45905,46072,38506,46108,180,38496,38499,38108,46096,45812,34199,45791,46103,33993,34158,38136,33283,39823,45496,38497,38412,38415,38558,182,39106,33917,1578,1580,33906,1574,38800,33495,39414,34115,34183,33746,38508,34033,34025,34045,34043,39094,35321,35224,35215,33472,33484,38446,33670,38549,34132,40275,33925,33912,33913,33905,45059,45070,39661,45967,39113,33900,45540,37221,37215,45043,34774
MPSPGB26-1,35045,38993,124,44689,44156,35188,35466,35054,35067,35064,35454,36884,35055,37337,37350,35208,35249,37334,37345,35517,35040,35191,37331,37331,38942,36840,35631,35150,44747,35789,35613,35092,35660,35258,35014,35058,35602,44685,35185,44667,37053,43,37055,35102,35322,35104,35203,35183,35207,37063,38353,35441,35435,36848,37533,44782,44775,35072,35182,35187,35184,0,10,35058,35050,35105,35101,40325,34874,35098,37371,38975,37362,35058,36230,35072,36211,37376,35113,35209,35101,44929,35182,35280,44926,66,35180,35179,35229,35257,35105,116,36854,36903,35252,35068,35212,38946,37349,35219,37356,35220,35223,35561,37359,37364,37365,44738,38978,36852,35457,137,35068,35046,35039,35081,35056,35052,44717,44963,38969,44995,35197,38951,38947,38989,45001,44480,35106,44476,44988,35067,35097,39002,34759,38061,44645,38974,37380,37386,39007,35186,37053,35041,35281,35295,35048,35262,37365,34638,37974,35566,35660,35399,38971,35454,35459,35470,35468,37955,173,70,79,34649,35365,37396,35101,38968,35107,37989,35074,35070,35070,35064,44175,44195,38316,44622,37162,35046,44744,36880,36874,44189,35547
MPSPGB26-2,35060,39010,116,44694,44180,35205,35483,35065,35077,35076,35461,36911,35067,37358,37380,35225,35269,37360,37367,35534,35050,35210,37349,37353,38964,36866,35650,35170,44763,35809,35635,35106,35688,35279,35029,35068,35623,44689,35203,44671,37056,44,37059,35114,35342,35116,35222,35203,35226,37063,38368,35458,35451,36871,37558,44799,44792,35087,35198,35202,35200,10,0,35070,35068,35113,35113,40349,34885,35111,37398,38986,37385,35078,36254,35083,36233,37399,35138,35223,35115,44950,35198,35305,44942,67,35199,35197,35244,35275,35114,125,36874,36926,35271,35080,35230,38966,37373,35236,37385,35232,35240,35578,37383,37386,37389,44753,38999,36854,35473,132,35085,35058,35058,35101,35075,35071,44732,44983,38988,45017,35215,38971,38966,38999,45021,44507,35118,44503,45005,35085,35110,39022,34775,38078,44658,38995,37392,37399,39023,35203,37052,35061,35297,35315,35066,35280,37386,34645,37993,35581,35679,35421,38984,35471,35476,35487,35484,37976,172,72,77,34659,35385,37410,35115,38984,35115,38006,35092,35088,35088,35082,44197,44218,38334,44638,37161,35058,44755,36906,36901,44211,35564
MPSPGB27-1,33720,38660,35140,46658,45424,33244,31955,50,48,48,31917,37612,49,39741,39767,33695,33726,39724,39749,31924,48,33690,39733,39743,38606,37564,34027,32013,46626,33750,33571,33129,33645,33283,33693,12,33591,46140,33423,46114,39473,35099,39455,33144,32369,33144,33397,33369,33389,39430,40115,31932,31928,37581,39200,46692,46680,33709,33874,33876,33898,35058,35070,0,8,33124,33127,42411,14291,33127,39805,38642,39903,18,39160,18,39129,39916,31630,33775,33132,46265,33205,31623,46275,35091,33176,33203,33915,33919,33125,35132,37572,37679,33904,7,33272,38601,39759,33254,39751,33885,33234,31993,39904,39915,39918,46635,38644,34826,31930,35119,10,7,10,46,47,47,46529,46611,38615,46631,33211,38588,38590,38596,46633,46142,33159,46118,46628,56,33134,38597,31529,40024,46163,38608,39068,39077,38670,33231,39466,12,33280,33307,15,33294,39347,31880,39772,31949,34156,32144,38627,31918,31917,31912,31913,39859,35163,35068,35075,31897,32274,39099,32616,38635,33136,40537,15,18,18,18,46084,46097,40013,46681,39795,13,46109,37568,37613,45462,32488
MPSPGB27-2,33724,38643,35128,46663,45421,33251,31957,51,48,49,31913,37623,48,39730,39760,33689,33720,39717,39738,31938,47,33683,39722,39731,38591,37573,34023,32024,46637,33754,33574,33128,33650,33285,33696,18,33593,46138,33415,46112,39466,35098,39448,33142,32355,33140,33407,33381,33399,39427,40105,31933,31928,37584,39191,46695,46680,33716,33887,33884,33903,35050,35068,8,0,33121,33127,42420,14294,33123,39782,38625,39895,18,39162,17,39121,39907,31620,33771,33133,46263,33210,31617,46276,35085,33182,33208,33922,33927,33121,35119,37569,37681,33914,13,33277,38590,39747,33256,39744,33889,33240,31982,39895,39907,39910,46640,38631,34811,31934,35111,13,13,13,46,45,47,46530,46603,38602,46620,33219,38575,38577,38580,46621,46153,33161,46127,46617,55,33131,38586,31538,40025,46154,38595,39075,39086,38653,33236,39456,14,33287,33310,14,33301,39350,31882,39776,31948,34151,32132,38610,31916,31917,31912,31912,39842,35163,35068,35075,31896,32268,39107,32611,38618,33132,40531,15,21,19,18,46085,46098,40003,46685,39783,15,46092,37577,37612,45460,32486
MPSPGB28-1,33990,38639,35134,46435,45381,33634,33129,33151,33134,33138,33110,37786,33143,39207,39215,34201,34226,39198,39203,33196,33123,34200,39199,39209,38598,37736,34499,32061,46310,34052,33992,45,34035,33658,33979,32568,33993,46059,32859,46039,38756,35132,38761,29,33144,31,33608,33564,33588,38799,40223,33114,33110,37746,39198,46366,46352,34004,34143,34131,34131,35105,35113,33124,33121,0,4,42262,32643,32,39252,38621,39423,33127,38897,33134,38882,39427,32548,33931,11,46331,33604,32609,46328,35140,33575,33597,34187,34190,20,35157,37757,37795,34182,33128,33689,38586,39210,33676,39206,34152,33652,33223,39409,39417,39428,46314,38626,34786,33117,35112,33128,33126,33114,33162,33140,33131,46294,46378,38595,46418,33622,38564,38567,38721,46411,46060,51,46057,46411,33122,49,38734,32817,40117,46246,38595,38694,38688,38657,33616,38776,33123,33648,33676,33115,33673,39017,33123,39564,33229,34550,33235,38610,33074,33076,33084,33088,39372,35222,35126,35141,33125,33047,38678,40,38624,20,40440,33128,33135,33136,33131,45889,45903,40219,46220,39065,33126,45860,37760,37775,45402,33762
MPSPGB28-2,33988,38637,35130,46429,45394,33642,33128,33161,33146,33149,33115,37796,33154,39200,39211,34209,34234,39193,39197,33205,33127,34208,39191,39203,38591,37752,34511,32072,46322,34066,34005,40,34049,33665,33977,32575,34006,46061,32845,46042,38768,35138,38768,28,33145,28,33615,33572,33592,38806,40234,33122,33117,37752,39212,46374,46360,34020,34143,34130,34141,35101,35113,33127,33127,4,0,42278,32648,32,39253,38613,39413,33131,38904,33137,38887,39414,32551,33930,5,46334,33596,32609,46325,35136,33579,33591,34185,34190,22,35153,37755,37802,34183,33131,33681,38587,39204,33668,39200,34148,33646,33228,39394,39405,39416,46323,38624,34779,33125,35112,33132,33129,33117,33175,33155,33144,46305,46382,38595,46425,33618,38564,38570,38728,46415,46082,48,46078,46417,33134,44,38750,32812,40135,46250,38601,38697,38693,38652,33610,38789,33138,33660,33684,33128,33687,39023,33131,39563,33238,34556,33256,38605,33082,33084,33093,33096,39369,35223,35126,35142,33135,33048,38681,39,38621,22,40457,33139,33151,33148,33146,45905,45919,40231,46233,39081,33137,45847,37771,37788,45414,33765
MPSPGB29-2,41366,43320,40358,39519,39137,41635,42823,42423,42431,42423,42788,38103,42437,37688,37712,41639,41671,37686,37688,42852,42424,41621,37691,37693,43323,38021,41922,42427,40155,42356,41929,42283,42242,41539,41355,42413,41953,39521,42431,39508,37631,40373,37637,42274,42544,42286,41518,41469,41471,37649,38604,42777,42777,38041,37603,40208,40205,41379,41614,41604,41623,40325,40349,42411,42420,42262,42278,0,42495,42277,37729,43326,37683,42436,36227,42428,36215,37685,42170,41660,42275,39847,41494,42480,39856,40358,41464,41483,41686,41679,42271,40374,38065,38079,41677,42414,41635,43327,37694,41638,37702,41636,41649,42883,37682,37681,37698,40159,43321,42295,42789,40360,42430,42427,42422,42473,42438,42436,40184,40202,43286,40205,41646,43280,43287,42923,40203,39581,42296,39566,40192,42425,42287,42947,42320,37927,39944,43304,37789,37785,43334,41625,37625,42426,41529,41581,42428,41549,37679,42155,37912,42894,41963,42609,43292,42726,42734,42745,42742,38310,40457,40376,40377,42153,42446,38033,42289,43324,42286,37830,42431,42442,42439,42445,39130,39135,38571,40127,37529,42420,39922,38094,38120,39156,42881
MPSPGB29-3,33155,38867,34929,46820,45560,32580,32749,14278,14283,14304,32718,37755,14302,39767,39763,33188,33217,39753,39764,32707,14277,33189,39728,39767,38829,37709,34574,31693,46766,33937,33774,32655,33818,32682,33135,13720,33798,46319,32348,46298,39457,34932,39466,32661,32192,32654,32810,32778,32796,39443,39944,32730,32727,37736,39175,46834,46818,33158,33278,33284,33298,34874,34885,14291,14294,32643,32648,42495,0,32663,39795,38830,39882,14304,39143,14289,39102,39887,31592,33033,32653,46352,32624,31587,46353,34906,32611,32620,33324,33329,32645,34920,37753,37824,33323,14301,32633,38824,39768,32609,39767,33279,32607,32787,39875,39885,39888,46775,38856,34906,32739,34908,14301,14295,14297,14302,14301,14302,46672,46719,38818,46738,32591,38809,38803,38905,46734,46285,32688,46266,46733,14298,32655,38924,31467,39908,46526,38823,39089,39094,38875,32609,39461,14307,32725,32745,14298,32746,39355,31710,39800,32762,34429,32408,38819,32680,32684,32679,32680,39689,34997,34905,34919,31729,32529,39112,32350,38836,32662,40342,14316,14322,14308,14313,46246,46259,39857,46773,40025,14289,46288,37756,37799,45601,33377
MPSPGB29-4,33987,38634,35125,46436,45383,33631,33136,33151,33134,33139,33118,37787,33148,39206,39215,34197,34222,39198,39203,33201,33126,34200,39197,39209,38594,37739,34506,32059,46310,34058,33998,36,34039,33662,33976,32570,33999,46062,32849,46039,38764,35129,38769,48,33145,28,33612,33569,33591,38805,40225,33123,33112,37744,39209,46374,46359,34004,34138,34127,34130,35098,35111,33127,33123,32,32,42277,32663,0,39252,38617,39412,33132,38892,33134,38881,39415,32553,33921,31,46338,33604,32611,46328,35134,33579,33599,34184,34184,32,35150,37747,37797,34182,33128,33683,38583,39207,33668,39205,34142,33651,33232,39398,39405,39418,46314,38619,34782,33125,35111,33129,33129,33118,33162,33139,33133,46288,46374,38591,46416,33620,38560,38566,38734,46409,46069,38,46065,46407,33122,36,38747,32817,40125,46241,38591,38692,38687,38648,33609,38785,33127,33652,33680,33118,33679,39006,33127,39563,33233,34558,33242,38603,33084,33085,33093,33097,39363,35220,35124,35137,33128,33053,38676,27,38617,32,40446,33131,33135,33138,33135,45894,45908,40217,46220,39073,33129,45860,37760,37776,45404,33768
MPSPGB30-1,39528,40050,37446,42992,42362,39214,39825,39743,39768,39772,39801,34653,39766,48,45,39895,39912,46,44,39825,39751,39895,37,46,40005,34609,39089,39173,43156,38640,38449,39265,38481,39141,39498,39216,38448,42564,39802,42539,32732,37440,32716,39242,40021,39246,39093,39088,39090,32730,35564,39813,39800,34605,33192,43181,43179,39537,39937,39929,39961,37371,37398,39805,39782,39252,39253,37729,39795,39252,0,40048,33016,39777,33966,39795,33958,33044,39205,39757,39243,43099,39132,39356,43105,37412,39154,39117,39911,39916,39257,37427,34618,34671,39903,39792,39239,40011,77,39223,78,39945,39180,39868,33028,33030,33032,43130,40055,39264,39827,37404,39798,39776,39770,39798,39752,39784,43079,43225,39994,43249,39195,39981,39972,39558,43231,42615,39268,42606,43249,39770,39269,39569,39121,34743,42679,40002,31833,31825,40056,39193,32742,39784,39163,39183,39773,39175,33031,39557,34886,39862,38770,40096,39994,39778,39782,39783,39784,34008,37509,37426,37435,39554,39758,31827,38857,40057,39259,35281,39788,39772,39788,39760,43067,43073,35528,43105,32996,39748,42837,34650,34661,42403,40486
MPSPGB30-4,38259,119,39012,46226,45945,38549,39119,38618,38640,38629,39093,39652,38612,39999,40011,38572,38594,39992,40008,39096,38619,38563,39987,39995,126,39604,36795,39045,46599,36791,36794,38622,36852,38589,38246,38638,36802,46235,39027,46240,40278,38972,40283,38629,39105,38630,38547,38512,38523,40332,40833,39091,39081,39615,40179,46645,46639,38267,38548,38547,38531,38975,38986,38642,38625,38621,38613,43326,38830,38617,40048,0,40328,38645,39818,38647,39825,40337,38675,38569,38616,46404,38522,39056,46406,38985,38530,38518,38604,38606,38620,39038,39620,39662,38610,38647,38564,113,40013,38561,40004,38575,38570,39143,40330,40328,40337,46604,119,38947,39106,38993,38650,38642,38622,38656,38628,38637,46623,46526,101,46558,38571,105,119,33614,46558,46500,38629,46501,46554,38624,38627,33623,38567,40727,46526,118,39996,39986,119,38545,40292,38616,38563,38581,38612,38582,40342,38423,40408,39151,36830,39176,102,39019,39020,39026,39025,40570,39060,38965,38970,38423,39226,40011,38619,6,38621,40669,38649,38655,38649,38648,45946,45958,40802,46561,40318,38623,46425,39641,39647,45977,39137
MPSPGB30-6,39107,40332,37441,42589,41907,38782,39840,39880,39878,39882,39826,34707,39886,32982,32978,39443,39490,32978,32985,39851,39866,39447,32980,32981,40282,34655,39474,39104,42568,39045,38842,39418,38890,38681,39079,39325,38838,42181,39592,42176,33327,37429,33306,39425,39788,39418,38608,38574,38584,33315,34397,39826,39814,34682,32440,42637,42626,39119,39511,39488,39506,37362,37385,39903,39895,39423,39413,37683,39882,39412,33016,40328,0,39883,33823,39898,33837,9,39020,39285,39414,42930,38646,39155,42925,37400,38640,38637,39487,39483,39423,37435,34707,34714,39462,39875,38803,40279,32989,38785,32990,39509,38755,39926,23,17,23,42560,40313,38555,39830,37411,39881,39872,39870,39896,39886,39885,42500,42854,40256,42870,38777,40243,40249,39853,42867,42531,39424,42527,42873,39878,39421,39895,39352,33511,42685,40271,32486,32481,40342,38754,33325,39903,38695,38708,39900,38714,64,39753,34391,39914,39157,39878,40258,39815,39820,39820,39818,33407,37491,37398,37412,39748,39792,32477,39040,40331,39421,34042,39877,39876,39895,39864,42600,42613,34397,42568,33637,39858,42504,34720,34704,41912,40508
MPSPGB31-1,33721,38659,35121,46653,45428,33235,31965,20,17,17,31924,37600,19,39736,39760,33695,33722,39717,39743,31929,17,33688,39727,39734,38608,37548,34031,32039,46647,33733,33579,33131,33626,33260,33697,18,33599,46136,33415,46111,39466,35108,39446,33134,32326,33134,33391,33364,33383,39427,40125,31938,31934,37569,39185,46709,46692,33711,33876,33878,33900,35058,35078,18,18,33127,33131,42436,14304,33132,39777,38645,39883,0,39131,14,39098,39897,31639,33781,33135,46289,33203,31633,46290,35093,33177,33201,33912,33915,33129,35111,37580,37658,33908,16,33280,38606,39752,33257,39746,33884,33247,31987,39884,39895,39899,46647,38648,34817,31937,35105,14,16,14,17,17,18,46540,46598,38615,46618,33224,38589,38592,38599,46616,46165,33160,46139,46616,18,33136,38603,31550,40012,46136,38609,39080,39085,38671,33242,39453,18,33300,33323,18,33312,39359,31860,39785,31944,34131,32108,38630,31909,31909,31904,31905,39868,35173,35076,35086,31878,32252,39108,32607,38636,33138,40527,22,25,24,25,46058,46071,40028,46659,39789,21,46106,37592,37627,45469,32477
MPSPGB31-2,38187,39800,36314,43030,42013,37941,39204,39124,39127,39153,39186,34111,39156,33951,33971,38584,38618,33964,33961,39240,39124,38574,33948,33951,39775,34043,38793,38865,42601,38542,38320,38905,38343,37797,38160,38693,38316,42461,39536,42458,33695,36302,33693,38882,39494,38888,37819,37799,37806,33680,35384,39171,39162,34050,33400,42629,42632,38205,38550,38567,38571,36230,36254,39160,39162,38897,38904,36227,39143,38892,33966,39818,33823,39131,0,39164,5,33856,38610,38584,38907,42794,37779,38776,42812,36277,37787,37769,38549,38552,38887,36321,34079,34092,38508,39124,37988,39775,33963,37969,33968,38576,37940,39276,33824,33833,33830,42582,39812,38872,39188,36289,39132,39126,39120,39168,39158,39148,42599,42942,39770,42977,37939,39744,39747,39535,42949,42259,38912,42245,42966,39126,38900,39558,38830,34327,42780,39757,33587,33583,39814,37905,33715,39175,37814,37829,39168,37829,33350,39056,34841,39282,38673,39406,39763,39300,39306,39302,39300,34059,36363,36270,36285,39045,39599,33618,38518,39815,38901,34993,39137,39146,39144,39129,42630,42643,35335,42640,33842,39111,42661,34102,34115,42042,39875
MPSPGB31-3,33727,38664,35147,46664,45437,33250,31974,53,51,52,31939,37621,52,39736,39763,33691,33721,39720,39744,31949,53,33683,39730,39738,38610,37571,34027,32035,46633,33759,33575,33136,33652,33288,33700,16,33597,46148,33432,46124,39477,35104,39459,33149,32372,33153,33407,33377,33398,39444,40127,31948,31947,37584,39203,46699,46687,33714,33882,33885,33905,35072,35083,18,17,33134,33137,42428,14289,33134,39795,38647,39898,14,39164,0,39131,39914,31641,33776,33144,46284,33211,31634,46285,35104,33182,33209,33921,33926,33135,35142,37577,37683,33909,15,33278,38607,39753,33257,39746,33894,33240,32006,39902,39913,39917,46641,38650,34836,31951,35127,15,15,12,52,49,53,46539,46627,38619,46649,33216,38591,38595,38603,46648,46152,33166,46126,46644,56,33141,38607,31550,40037,46173,38611,39075,39082,38674,33238,39472,15,33284,33310,18,33301,39356,31892,39771,31961,34155,32154,38632,31935,31937,31930,31931,39867,35176,35080,35088,31908,32286,39104,32617,38639,33143,40543,18,24,21,23,46100,46113,40026,46689,39796,15,46112,37574,37618,45475,32509
MPSPGB31-4,38184,39811,36296,43025,41994,37946,39182,39095,39099,39123,39171,34111,39123,33946,33961,38584,38622,33952,33958,39211,39096,38576,33942,33947,39780,34055,38777,38826,42589,38520,38301,38890,38322,37802,38163,38659,38301,42459,39503,42455,33713,36271,33708,38864,39455,38869,37825,37808,37813,33694,35401,39150,39142,34062,33419,42626,42629,38193,38557,38573,38576,36211,36233,39129,39121,38882,38887,36215,39102,38881,33958,39825,33837,39098,5,39131,0,33868,38576,38594,38896,42776,37796,38742,42789,36258,37792,37778,38557,38554,38878,36304,34098,34107,38512,39092,37999,39778,33959,37981,33957,38589,37948,39255,33838,33840,33843,42574,39822,38844,39165,36265,39091,39094,39087,39127,39116,39108,42584,42918,39774,42956,37952,39748,39753,39537,42927,42250,38895,42236,42942,39086,38885,39553,38798,34320,42764,39758,33579,33575,39822,37921,33723,39134,37817,37834,39129,37836,33366,39027,34843,39256,38654,39372,39768,39277,39283,39280,39279,34064,36334,36242,36255,39017,39558,33611,38503,39821,38892,34978,39096,39104,39103,39087,42611,42622,35348,42630,33842,39077,42667,34112,34125,42023,39851
MPSPGB32-1,39114,40345,37455,42613,41908,38789,39850,39894,39893,39898,39835,34743,39900,33011,33008,39467,39514,33008,33014,39863,39878,39470,33006,33011,40294,34690,39509,39118,42573,39062,38858,39421,38905,38690,39087,39334,38853,42201,39584,42203,33342,37445,33322,39426,39815,39418,38618,38584,38594,33331,34426,39835,39823,34721,32468,42643,42634,39127,39521,39500,39518,37376,37399,39916,39907,39427,39414,37685,39887,39415,33044,40337,9,39897,33856,39914,33868,0,39029,39302,39415,42940,38659,39165,42932,37414,38652,38646,39495,39490,39426,37450,34745,34753,39470,39888,38814,40289,33018,38794,33019,39518,38763,39938,20,20,18,42563,40322,38562,39839,37423,39893,39885,39883,39907,39897,39897,42504,42860,40268,42879,38785,40253,40258,39864,42876,42552,39426,42550,42884,39894,39423,39905,39366,33527,42698,40285,32517,32513,40353,38760,33340,39916,38706,38714,39912,38721,68,39768,34415,39927,39180,39896,40270,39828,39833,39833,39830,33437,37504,37412,37426,39765,39807,32507,39042,40343,39423,34063,39894,39888,39906,39876,42601,42614,34434,42577,33659,39870,42504,34757,34742,41912,40535
MPSPGB32-3,32710,38676,35137,45853,45059,32862,32528,31637,31641,31635,32508,37957,31633,39174,39185,32856,32880,39165,39182,32464,31619,32852,39155,39182,38633,37891,33163,18868,46069,33394,33166,32549,33230,32855,32696,31621,33149,45895,32311,45895,39011,35153,39010,32543,331,32549,32822,32780,32805,39004,40097,32495,32483,37922,38994,46102,46086,32714,32861,32857,32844,35113,35138,31630,31620,32548,32551,42170,31592,32553,39205,38675,39020,31639,38610,31641,38576,39029,0,32893,32551,45986,32803,303,45977,35135,32799,32804,32963,32973,32550,35161,37932,37982,32962,31635,32889,38600,39178,32870,39171,32882,32941,32503,39014,39034,39034,46045,38659,35202,32503,35135,31631,31639,31620,31649,31628,31629,45984,46270,38618,46296,32901,38607,38609,37974,46303,45803,32574,45783,46287,31630,32559,37985,31686,39824,45803,38637,39227,39224,38684,32901,39034,31608,32849,32882,31618,32863,39012,31669,39601,32497,33216,443,38638,32384,32392,32397,32396,39708,35244,35146,35153,31656,25123,39246,32559,38670,32566,39755,31633,31637,31643,31646,45128,45131,39995,45969,39060,31635,45961,37945,37965,45098,32571
MPSPGB33-1,858,38589,35279,46272,45052,132,34066,33799,33792,33805,34054,37236,33807,39716,39719,671,668,39719,39728,34127,33772,669,39695,39725,38540,37201,34250,32855,46019,33734,33621,33940,33591,1568,855,33258,33613,45626,34084,45607,38873,35241,38881,33923,33561,33927,1542,1543,1541,38856,39673,34052,34041,37204,39043,46034,46018,866,816,815,811,35209,35223,33775,33771,33931,33930,41660,33033,33921,39757,38569,39285,33781,38584,33776,38594,39302,32893,0,33920,45863,1588,32975,45850,35245,1584,1588,876,872,33932,35278,37199,37252,883,33777,164,38563,39725,164,39724,819,178,34155,39321,39324,39320,45987,38593,35758,34069,35259,33777,33770,33764,33813,33806,33786,45960,46039,38542,46075,140,38532,38535,38137,46065,45838,33971,45820,46067,33803,33947,38160,33342,39762,45522,38534,38412,38420,38593,148,38869,33795,1604,1603,33793,1600,38782,33690,39416,34172,34194,33781,38552,34037,34033,34048,34047,39096,35339,35241,35235,33673,33336,38439,33686,38591,33928,40255,33792,33786,33791,33784,45782,45792,39686,45971,39370,33781,45561,37224,37219,45087,34687
MPSPGB34-1,33995,38634,35129,46447,45390,33639,33141,33162,33145,33149,33120,37796,33154,39196,39205,34206,34231,39187,39193,33202,33134,34205,39187,39198,38593,37745,34508,32058,46320,34057,34001,44,34039,33657,33984,32581,34002,46061,32842,46038,38760,35132,38768,28,33142,25,33608,33564,33588,38807,40230,33125,33122,37751,39214,46384,46370,34020,34154,34137,34141,35101,35115,33132,33133,11,5,42275,32653,31,39243,38616,39414,33135,38907,33144,38896,39415,32551,33920,0,46341,33600,32609,46332,35137,33574,33594,34196,34199,27,35153,37757,37802,34194,33137,33686,38584,39200,33673,39195,34156,33651,33235,39398,39406,39420,46325,38618,34780,33126,35114,33136,33134,33122,33174,33148,33140,46302,46382,38592,46421,33619,38560,38563,38740,46414,46075,46,46070,46414,33130,45,38754,32812,40123,46247,38593,38693,38690,38647,33614,38785,33135,33651,33677,33125,33676,39021,33136,39565,33234,34557,33240,38602,33085,33087,33095,33097,39364,35225,35127,35139,33137,33055,38677,37,38616,27,40447,33140,33148,33146,33145,45908,45922,40217,46229,39080,33138,45855,37770,37784,45410,33774
MPSPGB34-3,45543,46420,44965,26229,25990,45813,46679,46267,46277,46283,46648,43458,46298,43103,43119,45855,45851,43104,43104,46699,46275,45823,43107,43099,46421,43407,45343,46130,26421,45688,45356,46342,45657,45658,45537,46266,45377,26210,46052,26189,42602,44965,42601,46331,46364,46340,45610,45582,45590,42644,42092,46642,46649,43434,42029,26443,26424,45559,45826,45778,45812,44929,44950,46265,46263,46331,46334,39847,46352,46338,43099,46404,42930,46289,42794,46284,42776,42940,45986,45863,46341,0,45622,46327,7,44961,45599,45608,45835,45840,46343,44976,43444,43457,45829,46273,45839,46398,43108,45843,43113,45816,45789,46737,42935,42939,42952,26394,46410,45935,46655,44945,46281,46276,46268,46315,46287,46284,26420,12658,46367,12660,45778,46378,46366,46502,12654,26089,46347,26082,12649,46295,46351,46538,46028,42174,25511,46390,42910,42918,46419,45803,42600,46278,45600,45643,46270,45643,42939,45946,41603,46755,45398,46421,46362,46748,46752,46749,46752,42739,45062,44972,44975,45938,46368,43169,46339,46409,46345,42106,46287,46299,46283,46293,26040,26036,42092,26405,42518,46273,26972,43453,43474,26009,46741
MPSPGB35-1,1617,38540,35251,45397,44988,1578,33958,33225,33219,33222,33941,37068,33227,39092,39082,1588,1585,39086,39091,33990,33206,1591,39074,39089,38499,37035,33476,32742,45886,33667,33537,33606,33548,133,1614,33188,33529,45396,33486,45371,38482,35209,38485,33632,33057,33634,105,106,107,38449,39473,33944,33933,37044,38940,45913,45897,1627,1566,1566,1566,35182,35198,33205,33210,33604,33596,41494,32624,33604,39132,38522,38646,33203,37779,33211,37796,38659,32803,1588,33600,45622,0,32914,45606,35215,9,3,1628,1636,33608,35248,37020,37082,1630,33198,1584,38507,39094,1586,39096,1573,1620,34016,38664,38662,38670,45857,38540,35551,33958,35224,33201,33194,33188,33239,33221,33211,45817,45903,38494,45939,1583,38482,38472,38070,45932,45519,33637,45500,45928,33251,33614,38087,33224,39678,45327,38485,38390,38397,38544,1587,38463,33218,177,180,33212,172,38612,33096,39180,34036,33566,33142,38498,33936,33931,33943,33942,38899,35302,35218,35208,33087,32769,38425,33630,38540,33612,39605,33214,33196,33204,33195,45088,45096,39481,45855,38550,33200,45466,37031,37024,45021,34073
MPSPGB35-4,32795,39055,35306,46202,45452,32947,32509,31626,31631,31631,32490,38034,31628,39314,39325,32943,32967,39308,39322,32496,31612,32939,39296,39322,39006,37968,33361,18851,46402,33589,33373,32608,33403,32963,32782,31614,33367,46187,32361,46175,39150,35314,39151,32605,296,32609,32923,32882,32907,39145,40195,32478,32463,37990,39150,46492,46476,32805,32943,32939,32928,35280,35305,31623,31617,32609,32609,42480,31587,32611,39356,39056,39155,31633,38776,31634,38742,39165,303,32975,32609,46327,32914,0,46318,35304,32905,32913,33002,33009,32609,35330,38002,38016,33002,31627,32971,39004,39318,32951,39312,32963,32983,32546,39140,39160,39164,46413,39043,35231,32485,35308,31625,31631,31614,31645,31625,31623,46374,46654,39005,46688,32942,38999,39001,38326,46688,46137,32630,46116,46681,31626,32618,38350,31681,39953,46189,38996,39344,39342,39058,32948,39174,31606,32959,32990,31614,32973,39152,31621,39751,32541,33425,383,39016,32439,32444,32440,32440,39859,35412,35310,35316,31604,25101,39362,32618,39056,32626,39875,31621,31630,31638,31637,45462,45473,40157,46308,39203,31624,46326,38023,38054,45491,32548
MPSPGB36,45536,46421,44964,26233,25993,45797,46677,46268,46278,46284,46645,43455,46298,43096,43117,45841,45836,43100,43097,46696,46275,45807,43100,43092,46417,43401,45346,46115,26430,45692,45359,46335,45660,45649,45522,46270,45378,26215,46038,26196,42600,44957,42599,46326,46358,46328,45601,45571,45582,42639,42073,46649,46648,43433,42015,26454,26434,45546,45817,45775,45799,44926,44942,46275,46276,46328,46325,39856,46353,46328,43105,46406,42925,46290,42812,46285,42789,42932,45977,45850,46332,7,45606,46318,0,44952,45593,45601,45831,45836,46333,44971,43445,43450,45823,46283,45836,46395,43101,45836,43109,45802,45782,46741,42924,42937,42941,26407,46406,45928,46660,44937,46294,46280,46272,46319,46290,46288,26431,12659,46363,12660,45769,46374,46369,46497,12656,26091,46336,26085,12651,46299,46344,46537,46026,42179,25512,46387,42904,42911,46420,45792,42599,46281,45589,45632,46274,45634,42933,45938,41592,46752,45398,46415,46364,46745,46748,46745,46746,42730,45056,44965,44968,45932,46373,43162,46330,46410,46334,42107,46291,46303,46287,46296,26043,26039,42073,26415,42515,46274,26970,43447,43470,26012,46729
MPSPGB37-1,35081,39009,107,44706,44188,35227,35518,35087,35100,35095,35500,36927,35087,37374,37391,35244,35286,37376,37384,35567,35072,35228,37370,37370,38957,36881,35667,35175,44784,35827,35650,35132,35696,35294,35048,35090,35636,44697,35209,44682,37085,58,37090,35138,35345,35139,35237,35215,35241,37088,38371,35491,35487,36888,37551,44822,44815,35107,35216,35221,35216,66,67,35091,35085,35140,35136,40358,34906,35134,37412,38985,37400,35093,36277,35104,36258,37414,35135,35245,35137,44961,35215,35304,44952,0,35211,35216,35267,35293,35141,101,36895,36944,35290,35102,35249,38961,37388,35256,37396,35254,35263,35612,37396,37404,37403,44774,38984,36861,35506,131,35104,35080,35075,35116,35091,35088,44751,44999,38980,45035,35233,38964,38958,38990,45036,44498,35150,44494,45021,35104,35136,39005,34800,38095,44669,38989,37402,37412,39020,35228,37080,35078,35312,35331,35087,35299,37405,34669,38009,35617,35696,35422,38983,35509,35508,35520,35521,37996,166,64,64,34682,35394,37422,35141,38983,35143,38026,35109,35105,35107,35100,44205,44223,38343,44658,37191,35081,44774,36922,36916,44218,35599
MPSPGB37-2,1613,38551,35250,45396,44963,1579,33940,33200,33193,33196,33926,37076,33199,39104,39096,1589,1585,39099,39104,33973,33177,1592,39083,39100,38505,37044,33466,32734,45886,33653,33521,33589,33533,134,1610,33158,33518,45396,33483,45370,38479,35214,38481,33608,33048,33612,109,109,107,38450,39484,33935,33917,37048,38954,45909,45893,1631,1562,1565,1568,35180,35199,33176,33182,33575,33579,41464,32611,33579,39154,38530,38640,33177,37787,33182,37792,38652,32799,1584,33574,45599,9,32905,45593,35211,0,8,1633,1631,33577,35247,37015,37085,1633,33169,1589,38524,39107,1589,39110,1570,1622,34005,38656,38655,38668,45858,38557,35531,33944,35224,33175,33165,33161,33216,33200,33187,45815,45869,38507,45902,1581,38495,38488,38052,45899,45506,33617,45489,45895,33228,33597,38076,33221,39679,45312,38503,38380,38385,38556,1588,38461,33195,179,181,33188,174,38611,33094,39175,34021,33557,33141,38505,33926,33918,33932,33931,38898,35303,35221,35209,33085,32769,38415,33610,38554,33581,39609,33192,33176,33180,33173,45060,45069,39497,45855,38551,33173,45446,37038,37030,44996,34056
MPSPGB38-1,1615,38535,35251,45394,44973,1575,33950,33223,33215,33217,33929,37056,33224,39078,39069,1583,1584,39071,39077,33982,33205,1585,39061,39076,38496,37024,33466,32743,45878,33654,33526,33601,33539,132,1615,33186,33518,45398,33489,45371,38477,35210,38479,33630,33055,33628,106,106,106,38441,39465,33934,33921,37030,38935,45903,45887,1623,1565,1563,1562,35179,35197,33203,33208,33597,33591,41483,32620,33599,39117,38518,38637,33201,37769,33209,37778,38646,32804,1588,33594,45608,3,32913,45601,35216,8,0,1629,1637,33602,35245,37006,37070,1631,33196,1582,38504,39080,1585,39082,1573,1613,34008,38649,38652,38656,45852,38536,35538,33951,35223,33200,33193,33187,33235,33221,33210,45808,45893,38491,45925,1582,38479,38469,38067,45919,45509,33635,45492,45917,33251,33608,38084,33227,39668,45329,38482,38380,38388,38539,1581,38458,33217,177,181,33211,174,38601,33095,39171,34028,33554,33145,38494,33929,33926,33938,33935,38894,35304,35219,35209,33085,32771,38415,33628,38535,33606,39599,33215,33197,33203,33196,45071,45079,39476,45847,38536,33196,45459,37020,37014,45007,34057
MPSPGB39-1,114,38619,35292,46348,45061,209,34077,33939,33931,33945,34056,37289,33960,39865,39856,841,841,39857,39864,34096,33918,844,39843,39863,38579,37261,34201,32862,46080,33828,33667,34195,33679,1639,113,33292,33657,45647,34317,45623,39171,35261,39153,34222,33847,34217,1575,1577,1577,39149,39732,34045,34036,37271,39043,46109,46093,117,206,203,201,35229,35244,33915,33922,34187,34185,41686,33324,34184,39911,38604,39487,33912,38549,33921,38557,39495,32963,876,34196,45835,1628,33002,45831,35267,1633,1629,0,8,34192,35294,37233,37355,11,33922,200,38590,39875,205,39876,209,218,34137,39504,39507,39511,46053,38622,35738,34070,35275,33922,33912,33903,33970,33936,33938,46008,46059,38580,46090,187,38570,38566,38154,46081,45841,34247,45823,46085,33961,34205,38173,33401,39779,45584,38566,38450,38458,38624,188,39143,33932,1643,1644,33920,1637,38834,33593,39420,34158,34162,33819,38585,34073,34069,34082,34081,39089,35363,35267,35259,33579,33503,38485,33715,38620,34190,40275,33939,33928,33924,33917,45102,45114,39698,46003,39142,33912,45651,37264,37259,45093,34814
MPSPGB39-2,112,38621,35324,46360,45058,209,34093,33941,33933,33948,34073,37300,33961,39864,39857,847,847,39858,39863,34113,33918,848,39841,39861,38580,37271,34204,32860,46079,33826,33665,34200,33677,1638,109,33292,33657,45653,34343,45633,39164,35290,39147,34223,33854,34220,1571,1573,1573,39141,39735,34065,34053,37279,39052,46108,46092,117,202,203,203,35257,35275,33919,33927,34190,34190,41679,33329,34184,39916,38606,39483,33915,38552,33926,38554,39490,32973,872,34199,45840,1636,33009,45836,35293,1631,1637,8,0,34192,35326,37235,37363,13,33927,206,38595,39874,208,39878,207,221,34161,39500,39504,39513,46051,38630,35739,34087,35310,33927,33914,33907,33975,33940,33940,46007,46055,38580,46086,184,38570,38570,38151,46081,45841,34249,45823,46082,33966,34209,38170,33402,39791,45593,38569,38456,38464,38625,191,39134,33937,1642,1643,33924,1636,38834,33592,39418,34182,34161,33823,38586,34093,34087,34102,34101,39094,35392,35297,35288,33578,33520,38491,33720,38623,34187,40284,33940,33934,33927,33920,45095,45107,39701,46000,39137,33912,45647,37274,37269,45090,34832
MPSPGB4-1,33994,38641,35134,46436,45392,33638,33135,33150,33133,33139,33117,37785,33144,39212,39219,34204,34228,39202,39208,33198,33123,34202,39203,39214,38598,37736,34499,32062,46313,34050,33992,46,34032,33659,33983,32570,33994,46060,32857,46037,38757,35132,38762,37,33143,32,33610,33566,33590,38798,40230,33120,33112,37746,39200,46376,46362,34010,34144,34131,34133,35105,35114,33125,33121,20,22,42271,32645,32,39257,38620,39423,33129,38887,33135,38878,39426,32550,33932,27,46343,33608,32609,46333,35141,33577,33602,34192,34192,0,35157,37759,37796,34187,33130,33692,38588,39215,33680,39210,34153,33657,33230,39409,39416,39429,46317,38623,34788,33122,35113,33129,33128,33116,33162,33138,33130,46297,46386,38595,46429,33621,38564,38568,38726,46419,46068,52,46064,46419,33121,50,38737,32818,40118,46244,38595,38691,38685,38655,33620,38777,33124,33650,33680,33115,33677,39018,33125,39562,33231,34550,33237,38608,33081,33082,33091,33095,39373,35222,35126,35141,33128,33049,38674,41,38622,0,40444,33128,33136,33136,33133,45899,45913,40220,46223,39065,33127,45861,37762,37777,45412,33767
MPSPGB4-2,35112,39058,16,44742,44209,35251,35535,35135,35150,35144,35520,36974,35136,37416,37430,35279,35320,37415,37426,35602,35120,35262,37411,37411,39004,36924,35673,35196,44803,35846,35656,35145,35717,35330,35080,35105,35644,44734,35247,44719,37109,111,37111,35155,35410,35157,35281,35260,35284,37120,38401,35505,35503,36920,37583,44837,44832,35140,35252,35259,35257,116,125,35132,35119,35157,35153,40374,34920,35150,37427,39038,37435,35111,36321,35142,36304,37450,35161,35278,35153,44976,35248,35330,44971,101,35247,35245,35294,35326,35157,0,36915,36989,35318,35121,35274,39012,37432,35280,37436,35290,35285,35609,37434,37437,37437,44795,39041,36915,35520,151,35124,35102,35094,35162,35138,35133,44775,45016,39034,45049,35259,39016,39013,39041,45054,44529,35161,44525,45039,35147,35151,39055,34813,38158,44718,39035,37444,37449,39073,35251,37104,35114,35324,35340,35118,35311,37422,34723,38032,35616,35716,35485,39035,35538,35537,35548,35549,38022,184,81,85,34732,35458,37462,35155,39032,35160,38100,35125,35122,35125,35118,44261,44279,38366,44712,37230,35102,44782,36942,36934,44240,35632
MPSPGB40-1,36853,39638,36913,43366,42922,37165,38389,37578,37583,37597,38369,193,37594,34608,34618,37201,37230,34614,34613,38389,37570,37185,34599,34608,39590,166,37755,37906,43694,37935,37762,37761,37809,37044,36827,37556,37779,43414,38064,43400,34960,36896,34967,37772,38155,37771,36978,36957,36962,34915,36298,38368,38360,31,34842,43711,43700,36865,37172,37193,37193,36854,36874,37572,37569,37757,37755,38065,37753,37747,34618,39620,34707,37580,34079,37577,34098,34745,37932,37199,37757,43444,37020,38002,43445,36895,37015,37006,37233,37235,37759,36915,0,182,37242,37572,37187,39601,34617,37183,34621,37209,37178,38416,34738,34735,34748,43682,39649,38064,38378,36897,37579,37575,37562,37608,37586,37574,43651,43722,39571,43761,37169,39559,39551,38933,43745,43368,37780,43363,43755,37591,37766,38951,37586,35714,43564,39572,34423,34428,39643,37162,34936,37587,37084,37089,37582,37084,34725,37433,36111,38407,37808,38202,39585,38337,38338,38339,38339,35303,36996,36891,36888,37440,38078,34449,37756,39641,37760,35587,37594,37593,37589,37585,43000,43008,36276,43671,34904,37567,43247,173,181,42966,38458
MPSPGB41-1,36889,39679,36987,43384,42975,37199,38459,37655,37657,37677,38433,218,37671,34647,34662,37315,37344,34659,34655,38426,37647,37304,34644,34651,39633,62,37790,37956,43768,37973,37804,37806,37829,37064,36864,37626,37817,43479,38102,43458,34978,36943,34985,37804,38139,37797,37052,37027,37038,34935,36353,38447,38431,178,34894,43799,43788,36899,37277,37302,37308,36903,36926,37679,37681,37795,37802,38079,37824,37797,34671,39662,34714,37658,34092,37683,34107,34753,37982,37252,37802,43457,37082,38016,43450,36944,37085,37070,37355,37363,37796,36989,182,0,37316,37640,37241,39643,34658,37240,34664,37318,37239,38492,34744,34741,34752,43762,39698,38103,38454,36976,37652,37644,37637,37687,37667,37654,43734,43753,39618,43793,37242,39605,39600,38979,43774,43404,37826,43399,43782,37643,37809,39007,37671,35745,43663,39614,34471,34478,39678,37225,34976,37690,37115,37124,37689,37119,34737,37580,36151,38459,37832,38310,39624,38394,38397,38397,38393,35333,37041,36939,36935,37585,38070,34501,37819,39680,37800,35720,37668,37666,37661,37656,43084,43095,36327,43784,34948,37638,43334,81,106,43018,38604
MPSPGB42,117,38626,35316,46362,45052,177,34081,33910,33902,33917,34057,37255,33932,39869,39863,843,842,39865,39868,34104,33889,846,39846,39866,38588,37228,34195,32848,46075,33784,33657,34193,33633,1591,120,33283,33650,45638,34329,45614,39162,35288,39145,34198,33792,34194,1572,1574,1575,39145,39743,34050,34041,37253,39055,46102,46086,114,209,208,202,35252,35271,33904,33914,34182,34183,41677,33323,34182,39903,38610,39462,33908,38508,33909,38512,39470,32962,883,34194,45829,1630,33002,45823,35290,1633,1631,11,13,34187,35318,37242,37316,0,33916,207,38600,39880,203,39885,212,218,34149,39481,39484,39486,46046,38635,35701,34075,35300,33919,33905,33899,33944,33911,33912,46000,46010,38588,46041,188,38578,38574,38143,46033,45851,34245,45828,46035,33905,34202,38162,33391,39750,45562,38574,38469,38474,38630,180,39135,33923,1645,1646,33911,1639,38843,33578,39427,34169,34120,33805,38589,34081,34078,34090,34089,39100,35389,35293,35285,33563,33459,38503,33712,38628,34185,40281,33936,33924,33920,33913,45087,45099,39711,45990,39137,33904,45641,37282,37276,45084,34826
MPSPGB43-1,33732,38667,35130,46663,45420,33226,31970,12,10,9,31937,37579,10,39734,39760,33701,33732,39717,39742,31931,10,33694,39726,39736,38613,37528,34031,32022,46631,33723,33576,33134,33616,33250,33705,10,33596,46127,33439,46101,39474,35109,39457,33136,32334,33139,33383,33353,33373,39430,40125,31943,31943,37556,39184,46699,46685,33721,33880,33882,33902,35068,35080,7,13,33128,33131,42414,14301,33128,39792,38647,39875,16,39124,15,39092,39888,31635,33777,33137,46273,33198,31627,46283,35102,33169,33196,33922,33927,33130,35121,37572,37640,33916,0,33272,38608,39753,33253,39745,33893,33240,32001,39877,39888,39891,46640,38651,34814,31947,35108,7,4,7,8,8,9,46537,46591,38622,46611,33217,38595,38595,38600,46614,46143,33162,46119,46608,11,33139,38601,31545,39990,46132,38615,39065,39074,38677,33238,39456,8,33289,33316,11,33301,39347,31877,39777,31949,34131,32126,38632,31917,31916,31909,31912,39869,35174,35078,35085,31893,32239,39096,32598,38640,33138,40524,12,15,16,15,46064,46077,40022,46656,39792,10,46113,37577,37621,45459,32500
MPSPGB45,191,38580,35275,45644,45034,90,34038,33303,33294,33301,34017,37229,33305,39226,39217,157,154,39218,39226,34086,33277,157,39207,39223,38540,37191,33553,32856,45992,33731,33603,33692,33591,1572,191,33262,33597,45630,33650,45604,38683,35248,38689,33688,33089,33691,1546,1550,1547,38654,39677,34017,34008,37193,39048,46004,45991,193,144,142,140,35212,35230,33272,33277,33689,33681,41635,32633,33683,39239,38564,38803,33280,37988,33278,37999,38814,32889,164,33686,45839,1584,32971,45836,35249,1589,1582,200,206,33692,35274,37187,37241,207,33272,0,38554,39229,8,39230,149,130,34114,38831,38834,38838,45963,38587,35686,34034,35256,33276,33268,33264,33317,33296,33284,45924,46026,38536,46060,99,38525,38525,38134,46048,45720,33731,45702,46054,33297,33698,38155,33325,39785,45509,38524,38443,38448,38586,101,38665,33293,1612,1610,33288,1601,38797,33182,39454,34130,33610,33152,38544,34045,34040,34053,34050,39109,35349,35248,35245,33165,32831,38481,33703,38581,33691,39681,33299,33286,33288,33283,45083,45094,39687,45922,38735,33283,45553,37223,37217,45068,34152
MPSPGB46,38251,124,38976,46204,45945,38545,39064,38584,38601,38606,39043,39641,38590,39937,39948,38568,38588,39934,39946,39040,38580,38556,39948,39933,121,39595,36790,39008,46614,36793,36789,38601,36848,38581,38237,38600,36806,46207,38955,46208,40231,38955,40230,38596,39031,38596,38537,38504,38512,40285,40766,39039,39032,39602,40112,46654,46647,38262,38538,38541,38528,38946,38966,38601,38590,38586,38587,43327,38824,38583,40011,113,40279,38606,39775,38607,39778,40289,38600,38563,38584,46398,38507,39004,46395,38961,38524,38504,38590,38595,38588,39012,39601,39643,38600,38608,38554,0,39949,38550,39961,38564,38553,39086,40283,40282,40289,46619,137,38909,39053,38977,38613,38597,38583,38620,38593,38605,46636,46513,116,46543,38558,117,113,33592,46546,46533,38597,46532,46536,38578,38583,33627,38568,40648,46546,117,39914,39907,135,38531,40242,38583,38554,38576,38580,38574,40291,38411,40361,39096,36838,39117,130,38968,38969,38974,38972,40553,39042,38948,38948,38410,39171,39949,38588,130,38586,40593,38614,38631,38617,38621,45950,45963,40777,46573,40273,38590,46432,39627,39633,45975,39175
MPSPGB47-1,39513,39997,37460,42967,42346,39194,39822,39736,39751,39759,39800,34661,39757,50,51,39801,39815,53,51,39811,39741,39797,59,53,39957,34601,39051,39157,43117,38618,38419,39215,38463,39144,39482,39186,38414,42559,39778,42528,32710,37423,32691,39203,39998,39205,39074,39069,39074,32695,35541,39801,39787,34593,33181,43139,43138,39526,39853,39845,39879,37349,37373,39759,39747,39210,39204,37694,39768,39207,77,40013,32989,39752,33963,39753,33959,33018,39178,39725,39200,43108,39094,39318,43101,37388,39107,39080,39875,39874,39215,37432,34617,34658,39880,39753,39229,39949,0,39213,10,39864,39170,39851,32996,33004,33008,43103,40008,39228,39816,37397,39757,39748,39741,39776,39752,39765,43055,43218,39945,43244,39180,39931,39928,39531,43226,42584,39228,42576,43240,39755,39221,39529,39090,34743,42673,39953,31830,31829,40006,39182,32713,39760,39141,39160,39745,39162,32997,39480,34883,39867,38738,40011,39945,39763,39763,39763,39763,33996,37492,37407,37415,39479,39750,31823,38843,40007,39219,35204,39749,39739,39754,39728,43053,43057,35501,43046,32925,39730,42827,34626,34637,42392,40404
MPSPGB48-1,191,38579,35279,45640,45042,86,34009,33275,33267,33276,33990,37226,33281,39210,39200,152,152,39201,39210,34058,33252,154,39190,39207,38538,37190,33549,32842,46000,33727,33597,33680,33585,1571,196,33243,33590,45624,33632,45600,38663,35252,38669,33672,33068,33678,1544,1548,1542,38631,39665,33991,33986,37192,39032,46010,45998,188,145,146,137,35219,35236,33254,33256,33676,33668,41638,32609,33668,39223,38561,38785,33257,37969,33257,37981,38794,32870,164,33673,45843,1586,32951,45836,35256,1589,1585,205,208,33680,35280,37183,37240,203,33253,8,38550,39213,0,39215,148,131,34088,38812,38816,38818,45969,38581,35665,34011,35260,33257,33249,33243,33292,33272,33260,45931,46027,38534,46062,100,38523,38521,38133,46049,45715,33717,45696,46053,33273,33685,38153,33311,39766,45516,38525,38420,38426,38585,94,38642,33270,1610,1609,33263,1599,38779,33168,39431,34106,33607,33131,38539,34016,34016,34029,34025,39085,35355,35256,35249,33152,32808,38460,33689,38580,33674,39663,33277,33264,33264,33261,45090,45102,39676,45932,38712,33257,45551,37220,37216,45077,34130
MPSPGB48-3,39514,39990,37464,42969,42349,39200,39822,39728,39741,39751,39797,34674,39751,54,53,39803,39819,53,52,39814,39730,39801,60,54,39958,34616,39041,39152,43125,38611,38412,39212,38457,39148,39482,39179,38408,42567,39774,42537,32713,37438,32694,39197,39988,39201,39080,39075,39079,32699,35537,39803,39788,34602,33183,43145,43143,39533,39861,39849,39883,37356,37385,39751,39744,39206,39200,37702,39767,39205,78,40004,32990,39746,33968,39746,33957,33019,39171,39724,39195,43113,39096,39312,43109,37396,39110,39082,39876,39878,39210,37436,34621,34664,39885,39745,39230,39961,10,39215,0,39864,39172,39853,32998,33006,33009,43118,40002,39228,39819,37409,39752,39739,39734,39772,39748,39758,43062,43222,39940,43249,39184,39931,39925,39529,43228,42598,39222,42590,43246,39747,39215,39533,39090,34756,42671,39952,31842,31838,40002,39183,32717,39758,39150,39166,39741,39168,32999,39473,34888,39870,38729,40004,39938,39765,39765,39765,39767,33996,37506,37421,37432,39471,39748,31838,38837,40003,39213,35215,39745,39738,39751,39724,43056,43060,35507,43053,32929,39721,42828,34639,34652,42397,40403
MPSPGB49,175,38595,35289,46333,45000,191,34064,33914,33906,33915,34046,37296,33928,39853,39842,784,786,39844,39853,34060,33888,787,39832,39850,38547,37261,34165,32840,45986,33770,33612,34158,33671,1626,173,33256,33605,45641,34278,45619,39148,35249,39131,34220,33884,34218,1535,1540,1538,39125,39648,34041,34022,37269,39035,46022,46006,185,21,20,21,35220,35232,33885,33889,34152,34148,41636,33279,34142,39945,38575,39509,33884,38576,33894,38589,39518,32882,819,34156,45816,1573,32963,45802,35254,1570,1573,209,207,34153,35290,37209,37318,212,33893,149,38564,39864,148,39864,0,227,34110,39524,39531,39537,45953,38596,35715,34047,35267,33890,33882,33878,33937,33908,33903,45913,46070,38544,46107,182,38534,38536,38096,46096,45814,34208,45794,46100,33981,34165,38115,33318,39800,45489,38536,38415,38421,38600,197,39116,33904,1584,1585,33888,1578,38801,33517,39396,34118,34180,33764,38553,34035,34027,34043,34040,39087,35350,35254,35244,33496,33501,38453,33680,38596,34149,40251,33907,33897,33894,33884,45051,45062,39661,45979,39118,33885,45565,37230,37224,45033,34765
MPSPGB5-2,208,38585,35287,45584,45010,18,34022,33246,33237,33249,34002,37189,33255,39168,39158,217,214,39158,39167,34051,33227,216,39148,39165,38547,37152,33537,32852,46026,33747,33607,33656,33588,1559,210,33230,33611,45581,33644,45557,38659,35256,38664,33647,33071,33652,1546,1549,1549,38627,39686,33995,33984,37176,38994,46065,46053,202,224,222,216,35223,35240,33234,33240,33652,33646,41649,32607,33651,39180,38570,38755,33247,37940,33240,37948,38763,32941,178,33651,45789,1620,32983,45782,35263,1622,1613,218,221,33657,35285,37178,37239,218,33240,130,38553,39170,131,39172,227,0,34087,38786,38786,38790,46003,38589,35624,34016,35267,33244,33237,33231,33261,33243,33233,45955,45974,38543,46009,15,38529,38524,38101,45999,45663,33695,45644,46003,33239,33662,38118,33358,39685,45521,38531,38397,38405,38590,12,38640,33249,1599,1597,33245,1593,38778,33239,39371,34078,33601,33240,38546,34004,34002,33995,33995,39056,35360,35262,35254,33230,32832,38432,33669,38586,33657,39681,33260,33246,33248,33245,45051,45063,39649,45946,38746,33240,45611,37209,37204,45043,34181
MPSPGB51,33991,39165,35602,46761,46059,34159,327,32004,32017,32013,321,38454,32004,39837,39859,34121,34143,39824,39848,490,31985,34085,39829,39842,39071,38417,34129,32079,46924,34555,34104,33236,34389,34167,33964,31981,34124,46778,32373,46740,40135,35599,40145,33238,32729,33252,34014,33963,34001,40090,40755,321,329,38426,39981,46989,46975,34040,34096,34083,34102,35561,35578,31993,31982,33223,33228,42883,32787,33232,39868,39143,39926,31987,39276,32006,39255,39938,32503,34155,33235,46737,34016,32546,46741,35612,34005,34008,34137,34161,33230,35609,38416,38492,34149,32001,34114,39086,39851,34088,39853,34110,34087,0,39931,39947,39946,46968,39128,35609,333,35589,32003,31976,31969,32040,32002,32003,46915,47227,39091,47259,34103,39059,39049,38652,47255,47285,33259,47255,47245,32059,33235,38693,32828,40708,46696,39092,39978,39974,39172,34085,40149,31972,34037,34069,31968,34063,39912,32663,40541,176,34166,32747,39087,676,668,649,649,40044,35697,35601,35605,32677,32046,40206,33234,39143,33251,40601,31994,32004,31994,31997,46108,46122,40716,46836,40115,31967,46570,38429,38428,46103,575
MPSPGB52-1,39126,40335,37437,42600,41903,38810,39841,39883,39882,39888,39826,34725,39888,32989,32986,39471,39519,32986,32993,39853,39866,39473,32984,32989,40286,34674,39483,39117,42574,39055,38879,39405,38901,38672,39099,39329,38874,42188,39564,42191,33333,37427,33313,39406,39781,39399,38611,38577,38587,33323,34452,39828,39822,34716,32451,42637,42626,39140,39529,39507,39523,37359,37383,39904,39895,39409,39394,37682,39875,39398,33028,40330,23,39884,33824,39902,33838,20,39014,39321,39398,42935,38664,39140,42924,37396,38656,38649,39504,39500,39409,37434,34738,34744,39481,39877,38831,40283,32996,38812,32998,39524,38786,39931,0,10,14,42558,40314,38541,39832,37407,39882,39875,39871,39896,39886,39885,42504,42892,40260,42910,38803,40246,40250,39833,42908,42550,39408,42541,42915,39884,39404,39873,39352,33532,42697,40276,32539,32535,40344,38784,33333,39905,38712,38719,39900,38700,70,39748,34411,39907,39187,39870,40261,39807,39812,39812,39811,33416,37486,37394,37408,39752,39781,32529,39028,40333,39406,34066,39881,39877,39896,39865,42604,42618,34464,42586,33648,39857,42509,34738,34723,41908,40567
MPSPGB52-2,39130,40334,37442,42602,41905,38812,39859,39895,39893,39899,39843,34723,39899,32997,32996,39476,39524,32996,33000,39871,39878,39480,32993,32998,40284,34670,39493,39130,42586,39066,38889,39411,38909,38675,39103,39340,38885,42194,39574,42193,33337,37432,33317,39417,39801,39410,38615,38580,38590,33326,34449,39844,39831,34716,32458,42648,42638,39143,39534,39510,39527,37364,37386,39915,39907,39417,39405,37681,39885,39405,33030,40328,17,39895,33833,39913,33840,20,39034,39324,39406,42939,38662,39160,42937,37404,38655,38652,39507,39504,39416,37437,34735,34741,39484,39888,38834,40282,33004,38816,33006,39531,38786,39947,10,0,16,42574,40313,38561,39848,37411,39895,39886,39883,39908,39898,39898,42516,42895,40259,42911,38806,40245,40250,39854,42910,42544,39416,42535,42919,39895,39413,39897,39362,33537,42709,40274,32538,32534,40343,38786,33336,39917,38714,38724,39913,38706,72,39759,34402,39923,39198,39894,40259,39827,39832,39832,39829,33421,37494,37401,37415,39757,39788,32528,39034,40332,39413,34074,39894,39889,39908,39877,42606,42620,34464,42597,33649,39868,42521,34736,34721,41910,40585
MPSPGB52-4,39139,40343,37441,42606,41918,38818,39859,39898,39897,39902,39844,34731,39902,33001,32998,39468,39515,32998,33004,39873,39881,39470,32996,33001,40296,34680,39482,39130,42594,39068,38891,39424,38914,38680,39111,39344,38887,42194,39578,42196,33344,37434,33324,39427,39787,39419,38620,38586,38596,33333,34456,39843,39841,34724,32459,42656,42645,39149,39542,39520,39533,37365,37389,39918,39910,39428,39416,37698,39888,39418,33032,40337,23,39899,33830,39917,33843,18,39034,39320,39420,42952,38670,39164,42941,37403,38668,38656,39511,39513,39429,37437,34748,34752,39486,39891,38838,40289,33008,38818,33009,39537,38790,39946,14,16,0,42577,40321,38561,39853,37412,39896,39889,39885,39911,39901,39899,42526,42910,40270,42928,38812,40256,40257,39852,42926,42561,39426,42552,42934,39899,39424,39892,39371,33539,42718,40284,32547,32543,40352,38788,33342,39919,38722,38729,39915,38710,69,39766,34414,39925,39200,39892,40269,39826,39834,39831,39830,33427,37493,37402,37416,39768,39796,32537,39044,40341,39426,34075,39899,39892,39910,39880,42619,42633,34468,42608,33657,39872,42527,34747,34732,41923,40577
MPSPGB53-1,45719,46603,44777,26366,25579,45948,47049,46620,46643,46626,47004,43710,46625,43104,43124,45976,45989,43114,43096,46920,46627,45948,43106,43103,46625,43641,45569,46274,110,45652,45541,46333,45570,45929,45703,46636,45560,26467,46111,26458,42665,44762,42669,46327,46438,46334,45989,45931,45942,42715,42064,47027,47016,43658,42102,71,62,45732,45960,45944,45942,44738,44753,46635,46640,46314,46323,40159,46775,46314,43130,46604,42560,46647,42582,46641,42574,42563,46045,45987,46325,26394,45857,46413,26407,44774,45858,45852,46053,46051,46317,44795,43682,43762,46046,46640,45963,46619,43103,45969,43118,45953,46003,46968,42558,42574,42577,0,46617,45671,47030,44758,46655,46633,46633,46665,46647,46661,225,26857,46583,26866,45997,46587,46582,46513,26861,25510,46342,25506,26858,46656,46346,46523,46420,42159,26384,46609,42804,42805,46611,45989,42660,46639,45921,45953,46632,45956,42571,46217,41499,46953,45671,46541,46566,46915,46920,46927,46926,42590,44856,44770,44774,46207,46304,42788,46326,46600,46314,42042,46660,46673,46667,46671,25615,25621,42032,562,42598,46637,27366,43661,43685,25600,47141
MPSPGB53-2,38281,9,39000,46223,45972,38578,39103,38622,38641,38634,39083,39692,38620,39993,40008,38603,38623,39991,40004,39083,38619,38592,39986,39994,17,39647,36809,39049,46624,36805,36811,38631,36866,38616,38268,38641,36820,46237,39016,46243,40265,38973,40268,38634,39084,38634,38573,38542,38550,40314,40834,39081,39073,39655,40161,46653,46647,38300,38573,38577,38561,38978,38999,38644,38631,38626,38624,43321,38856,38619,40055,119,40313,38648,39812,38650,39822,40322,38659,38593,38618,46410,38540,39043,46406,38984,38557,38536,38622,38630,38623,39041,39649,39698,38635,38651,38587,137,40008,38581,40002,38596,38589,39128,40314,40313,40321,46617,0,38945,39096,39007,38655,38645,38628,38663,38632,38645,46643,46533,121,46560,38596,125,139,33619,46562,46547,38634,46544,46550,38629,38634,33641,38590,40737,46550,41,39976,39969,10,38563,40276,38620,38595,38612,38617,38616,40325,38438,40397,39139,36845,39158,123,39005,39005,39013,39014,40566,39064,38967,38968,38437,39194,39997,38625,123,38624,40679,38655,38663,38657,38654,45978,45989,40810,46577,40301,38630,46425,39686,39690,46002,39127
MPSPGB53-3,35420,38932,36914,45923,44952,35663,35456,34817,34830,34826,35426,38057,34817,39229,39248,35760,35759,39228,39231,35543,34816,35749,39232,39231,38895,38037,35575,35080,45670,36047,35502,34782,35785,35570,35415,34713,35508,45885,35142,45852,38867,36848,38857,34783,35370,34781,35489,35477,35501,38909,39977,35435,35420,38043,38842,45727,45714,35451,35716,35698,35714,36852,36854,34826,34811,34786,34779,42295,34906,34782,39264,38947,38555,34817,38872,34836,38844,38562,35202,35758,34780,45935,35551,35231,45928,36861,35531,35538,35738,35739,34788,36915,38064,38103,35701,34814,35686,38909,39228,35665,39228,35715,35624,35609,38541,38561,38561,45671,38945,0,35443,36891,34814,34799,34790,34843,34826,34825,45724,46132,38904,46184,35615,38882,38875,38473,46175,45791,34796,45792,46171,34797,34784,38489,34742,39573,45534,38907,38980,38966,38949,35634,38905,34802,35541,35583,34816,35575,38555,34717,39374,35578,35588,35461,38903,35504,35504,35503,35501,39589,36949,36851,36861,34726,35122,39196,34755,38929,34801,39561,34815,34825,34826,34837,45052,45061,39954,45642,38966,34798,45382,38054,38059,44969,35671
MPSPGB54-1,33905,39132,35516,46663,46025,34055,59,31936,31948,31942,66,38340,31934,39799,39825,34070,34093,39790,39813,470,31913,34034,39794,39807,39030,38334,34038,32102,46995,34423,34008,33135,34248,34045,33878,31930,34027,46712,32397,46676,39976,35501,39986,33120,32629,33132,34083,34031,34068,39940,40878,55,57,38360,39970,47053,47037,33957,34033,34020,34050,35457,35473,31930,31934,33117,33125,42789,32739,33125,39827,39106,39830,31937,39188,31951,39165,39839,32503,34069,33126,46655,33958,32485,46660,35506,33944,33951,34070,34087,33122,35520,38378,38454,34075,31947,34034,39053,39816,34011,39819,34047,34016,333,39832,39848,39853,47030,39096,35443,0,35500,31949,31921,31916,31975,31935,31940,46884,47123,39056,47153,34028,39024,39016,38577,47152,47234,33155,47201,47143,31964,33133,38621,32931,40613,46652,39059,39908,39903,39138,34017,39988,31920,33990,34022,31919,34018,39845,32746,40422,336,34088,32771,39054,621,617,596,596,40014,35592,35503,35504,32761,31933,40135,33141,39108,33142,40566,31944,31952,31944,31949,46065,46079,40790,47037,39982,31922,46533,38389,38393,46068,549
MPSPGB55-1,35090,39019,146,44689,44183,35234,35510,35125,35137,35133,35489,36966,35126,37381,37404,35258,35305,37388,37391,35576,35110,35246,37378,37378,38971,36916,35664,35174,44766,35841,35652,35105,35710,35310,35060,35088,35640,44681,35226,44664,37082,134,37085,35114,35384,35117,35257,35238,35261,37088,38368,35487,35480,36904,37550,44806,44799,35119,35234,35237,35237,137,132,35119,35111,35112,35112,40360,34908,35111,37404,38993,37411,35105,36289,35127,36265,37423,35135,35259,35114,44945,35224,35308,44937,131,35224,35223,35275,35310,35113,151,36897,36976,35300,35108,35256,38977,37397,35260,37409,35267,35267,35589,37407,37411,37412,44758,39007,36891,35500,0,35116,35086,35086,35158,35132,35129,44741,45005,38996,45040,35242,38979,38973,39024,45044,44487,35118,44484,45025,35141,35110,39048,34789,38122,44676,39002,37404,37413,39033,35229,37079,35106,35294,35316,35109,35281,37395,34693,38009,35591,35709,35463,38992,35511,35512,35522,35522,37976,204,105,109,34705,35435,37423,35116,38992,35114,38065,35120,35114,35116,35109,44236,44255,38331,44684,37201,35087,44761,36929,36923,44214,35611
MPSPGB56-1,33733,38667,35133,46678,45433,33230,31973,13,10,9,31931,37594,10,39738,39768,33704,33732,39725,39747,31927,9,33698,39729,39740,38617,37544,34035,32016,46644,33727,33579,33134,33619,33256,33705,3,33598,46146,33420,46119,39466,35116,39448,33139,32331,33136,33388,33360,33380,39421,40128,31951,31941,37568,39190,46708,46694,33721,33885,33886,33907,35068,35085,10,13,33128,33132,42430,14301,33129,39798,38650,39881,14,39132,15,39091,39893,31631,33777,33136,46281,33201,31625,46294,35104,33175,33200,33922,33927,33129,35124,37579,37652,33919,7,33276,38613,39757,33257,39752,33890,33244,32003,39882,39895,39896,46655,38655,34814,31949,35116,0,3,0,8,7,9,46547,46602,38626,46621,33222,38599,38602,38605,46624,46160,33165,46136,46619,9,33140,38609,31540,40008,46148,38619,39080,39090,38677,33239,39451,8,33297,33323,11,33309,39353,31871,39788,31952,34133,32116,38636,31915,31915,31910,31910,39871,35183,35088,35093,31885,32243,39111,32605,38642,33140,40535,12,15,16,15,46075,46088,40026,46664,39794,10,46119,37591,37634,45472,32490
MPSPGB56-2,33725,38655,35110,46660,45420,33222,31949,10,10,8,31911,37581,10,39729,39755,33693,33722,39712,39738,31917,10,33688,39726,39731,38601,37529,34026,32034,46634,33717,33570,33132,33611,33247,33698,6,33589,46127,33414,46101,39455,35090,39437,33137,32331,33136,33380,33352,33372,39413,40110,31922,31918,37557,39167,46691,46677,33710,33871,33874,33896,35046,35058,7,13,33126,33129,42427,14295,33129,39776,38642,39872,16,39126,15,39094,39885,31639,33770,33134,46276,33194,31631,46280,35080,33165,33193,33912,33914,33128,35102,37575,37644,33905,4,33268,38597,39748,33249,39739,33882,33237,31976,39875,39886,39889,46633,38645,34799,31921,35086,3,0,3,9,7,9,46529,46581,38610,46603,33213,38583,38586,38596,46603,46154,33163,46130,46598,9,33137,38595,31543,39995,46123,38603,39061,39068,38670,33233,39438,8,33286,33313,11,33300,39344,31869,39773,31935,34125,32118,38628,31902,31901,31896,31897,39853,35154,35059,35066,31887,32239,39091,32603,38635,33139,40526,12,15,16,15,46059,46072,40012,46646,39785,10,46107,37572,37601,45460,32470
MPSPGB56-3,33718,38640,35105,46653,45415,33218,31942,12,10,8,31902,37578,10,39722,39749,33689,33718,39706,39731,31907,9,33683,39715,39724,38586,37526,34019,32011,46631,33711,33560,33117,33603,33243,33691,2,33579,46125,33398,46097,39449,35092,39430,33122,32316,33120,33371,33344,33363,39407,40099,31917,31911,37550,39162,46691,46677,33705,33867,33872,33894,35039,35058,10,13,33114,33117,42422,14297,33118,39770,38622,39870,14,39120,12,39087,39883,31620,33764,33122,46268,33188,31614,46272,35075,33161,33187,33903,33907,33116,35094,37562,37637,33899,7,33264,38583,39741,33243,39734,33878,33231,31969,39871,39883,39885,46633,38628,34790,31916,35086,0,3,0,8,7,9,46529,46576,38595,46597,33209,38568,38572,38583,46596,46148,33148,46124,46594,9,33122,38586,31527,39987,46122,38588,39065,39074,38650,33226,39432,8,33282,33310,11,33297,39341,31851,39770,31924,34117,32100,38608,31892,31891,31886,31887,39840,35157,35061,35067,31867,32227,39097,32588,38615,33125,40516,12,15,16,15,46054,46067,39998,46645,39777,10,46092,37573,37607,45456,32465
MPSPGB57-1,33744,38670,35174,46696,45463,33268,31987,11,7,4,31960,37630,3,39757,39786,33742,33771,39743,39764,31966,4,33731,39750,39757,38621,37582,34044,32036,46660,33770,33596,33176,33651,33296,33718,9,33615,46179,33438,46155,39482,35145,39464,33166,32357,33169,33449,33419,33434,39446,40148,31973,31971,37596,39233,46711,46699,33748,33920,33927,33951,35081,35101,46,46,33162,33175,42473,14302,33162,39798,38656,39896,17,39168,52,39127,39907,31649,33813,33174,46315,33239,31645,46319,35116,33216,33235,33970,33975,33162,35162,37608,37687,33944,8,33317,38620,39776,33292,39772,33937,33261,32040,39896,39908,39911,46665,38663,34843,31975,35158,8,9,8,0,6,3,46564,46643,38631,46667,33238,38604,38608,38624,46667,46187,33200,46162,46662,26,33178,38640,31564,40042,46172,38625,39104,39114,38683,33258,39490,38,33313,33341,38,33325,39366,31929,39793,32001,34157,32184,38642,31981,31978,31970,31975,39897,35202,35109,35117,31943,32289,39135,32655,38648,33170,40591,8,14,10,9,46142,46155,40055,46715,39802,10,46141,37606,37648,45503,32538
MPSPGB57-2,33716,38644,35149,46668,45432,33245,31953,8,6,7,31925,37609,6,39735,39759,33720,33750,39719,39742,31944,5,33712,39722,39734,38592,37561,34025,32031,46650,33745,33569,33155,33626,33277,33688,8,33585,46156,33417,46129,39469,35112,39450,33142,32333,33143,33428,33401,33414,39430,40115,31927,31924,37575,39207,46699,46685,33718,33890,33900,33921,35056,35075,47,45,33140,33155,42438,14301,33139,39752,38628,39886,17,39158,49,39116,39897,31628,33806,33148,46287,33221,31625,46290,35091,33200,33221,33936,33940,33138,35138,37586,37667,33911,8,33296,38593,39752,33272,39748,33908,33243,32002,39886,39898,39901,46647,38632,34826,31935,35132,7,7,7,6,0,3,46541,46600,38597,46623,33219,38575,38581,38590,46623,46165,33173,46140,46619,28,33158,38601,31555,40027,46128,38598,39082,39092,38657,33235,39478,39,33299,33322,38,33309,39353,31903,39766,31971,34131,32159,38612,31944,31943,31933,31937,39857,35170,35079,35084,31919,32261,39115,32640,38622,33143,40575,7,16,11,13,46103,46116,40025,46696,39786,8,46098,37586,37615,45473,32504
MPSPGB57-3,33716,38657,35145,46675,45449,33230,31960,7,4,5,31928,37594,4,39745,39770,33718,33746,39730,39753,31933,4,33711,39737,39745,38602,37545,34014,32017,46648,33731,33557,33144,33611,33260,33691,10,33572,46154,33428,46126,39448,35110,39429,33139,32340,33136,33416,33389,33403,39408,40119,31939,31930,37563,39212,46708,46694,33715,33890,33898,33916,35052,35071,47,47,33131,33144,42436,14302,33133,39784,38637,39885,18,39148,53,39108,39897,31629,33786,33140,46284,33211,31623,46288,35088,33187,33210,33938,33940,33130,35133,37574,37654,33912,9,33284,38605,39765,33260,39758,33903,33233,32003,39885,39898,39899,46661,38645,34825,31940,35129,9,9,9,3,3,0,46548,46609,38609,46633,33209,38586,38592,38608,46631,46161,33169,46136,46626,26,33147,38621,31549,40025,46142,38606,39080,39091,38665,33226,39457,40,33282,33307,38,33296,39340,31906,39765,31958,34125,32157,38621,31939,31936,31928,31930,39868,35170,35075,35082,31918,32260,39112,32625,38630,33141,40576,6,11,10,11,46128,46141,40023,46705,39788,11,46116,37573,37616,45488,32518
MPSPGB58-1,45670,46626,44749,26387,25596,45907,46889,46514,46537,46533,46861,43680,46529,43055,43066,45948,45961,43056,43046,46876,46523,45920,43058,43050,46638,43608,45453,46198,270,45613,45474,46314,45521,45888,45657,46530,45493,26448,46122,26440,42623,44751,42628,46306,46388,46315,45892,45834,45844,42673,42007,46877,46875,43632,42069,239,231,45693,45916,45907,45905,44717,44732,46529,46530,46294,46305,40184,46672,46288,43079,46623,42500,46540,42599,46539,42584,42504,45984,45960,46302,26420,45817,46374,26431,44751,45815,45808,46008,46007,46297,44775,43651,43734,46000,46537,45924,46636,43055,45931,43062,45913,45955,46915,42504,42516,42526,225,46643,45724,46884,44741,46547,46529,46529,46564,46541,46548,0,26873,46601,26886,45948,46605,46599,46530,26880,25547,46324,25539,26875,46545,46323,46535,46469,42102,26406,46625,42760,42758,46638,45947,42615,46527,45849,45881,46520,45889,42505,46258,41501,46900,45543,46508,46593,46896,46899,46904,46904,42531,44846,44758,44762,46256,46273,42749,46298,46626,46289,42027,46546,46569,46557,46564,25659,25662,41970,317,42556,46531,27372,43630,43650,25614,46998
MPSPGB58-2,45732,46541,45003,25825,26078,45986,47144,46581,46607,46599,47104,43731,46603,43209,43238,46099,46094,43217,43214,47163,46585,46068,43213,43211,46546,43685,45662,46416,26892,45982,45688,46390,45924,45842,45726,46580,45703,25816,46298,25796,42847,45002,42849,46384,46684,46387,45822,45792,45798,42893,42146,47103,47103,43710,42247,26925,26906,45751,46070,46041,46072,44963,44983,46611,46603,46378,46382,40202,46719,46374,43225,46526,42854,46598,42942,46627,42918,42860,46270,46039,46382,12658,45903,46654,12659,44999,45869,45893,46059,46055,46386,45016,43722,43753,46010,46591,46026,46513,43218,46027,43222,46070,45974,47227,42892,42895,42910,26857,46533,46132,47123,45005,46602,46581,46576,46643,46600,46609,26873,0,46487,5,45946,46490,46483,46810,6,25668,46425,25658,7,46614,46400,46845,46366,42381,25713,46515,43113,43122,46539,45971,42865,46607,45811,45853,46601,45832,42865,46208,41532,47220,45691,46833,46482,47184,47181,47181,47179,42928,45097,45005,45006,46216,46744,43358,46396,46533,46389,42406,46606,46611,46600,46611,26155,26153,42129,26930,42819,46571,27249,43739,43757,26097,47297
MPSPGB58-3,38231,116,38997,46184,45937,38523,39061,38589,38608,38613,39044,39616,38589,39928,39943,38545,38565,39932,39941,39035,38587,38534,39931,39927,120,39568,36787,39010,46577,36783,36780,38606,36833,38563,38219,38614,36789,46185,38973,46187,40202,38972,40201,38608,39050,38608,38522,38490,38497,40251,40786,39044,39035,39575,40092,46618,46612,38242,38525,38521,38506,38969,38988,38615,38602,38595,38595,43286,38818,38591,39994,101,40256,38615,39770,38619,39774,40268,38618,38542,38592,46367,38494,39005,46363,38980,38507,38491,38580,38580,38595,39034,39571,39618,38588,38622,38536,116,39945,38534,39940,38544,38543,39091,40260,40259,40270,46583,121,38904,39056,38996,38626,38610,38595,38631,38597,38609,46601,46487,0,46519,38544,3,9,33593,46518,46501,38607,46499,46509,38597,38605,33619,38558,40655,46509,114,39895,39887,116,38516,40214,38588,38535,38557,38585,38566,40274,38415,40351,39099,36829,39128,15,38964,38967,38975,38976,40503,39061,38966,38968,38416,39172,39908,38596,102,38598,40597,38624,38635,38623,38629,45943,45954,40753,46538,40238,38600,46385,39606,39610,45966,39084
MPSPGB59,45769,46567,45036,25832,26094,46021,47176,46602,46630,46623,47138,43773,46628,43235,43262,46135,46132,43244,43239,47200,46609,46110,43240,43235,46579,43725,45666,46446,26902,45985,45693,46431,45922,45874,45766,46602,45712,25822,46330,25803,42896,45040,42897,46429,46722,46428,45858,45831,45836,42933,42162,47130,47134,43749,42279,26931,26914,45789,46107,46072,46108,44995,45017,46631,46620,46418,46425,40205,46738,46416,43249,46558,42870,46618,42977,46649,42956,42879,46296,46075,46421,12660,45939,46688,12660,45035,45902,45925,46090,46086,46429,45049,43761,43793,46041,46611,46060,46543,43244,46062,43249,46107,46009,47259,42910,42911,42928,26866,46560,46184,47153,45040,46621,46603,46597,46667,46623,46633,26886,5,46519,0,45982,46521,46503,46838,3,25680,46470,25669,5,46636,46443,46873,46403,42400,25720,46548,43139,43146,46565,46008,42910,46630,45847,45884,46624,45863,42884,46252,41551,47256,45695,46875,46509,47220,47215,47217,47217,42959,45133,45043,45044,46253,46770,43383,46442,46566,46432,42426,46628,46636,46624,46636,26171,26170,42144,26941,42858,46595,27258,43779,43795,26114,47336
MPSPGB6-2,170,38588,35260,45561,44991,20,34034,33220,33211,33223,34011,37188,33229,39177,39169,180,178,39172,39176,34064,33201,180,39154,39173,38547,37152,33525,32827,46020,33722,33600,33628,33561,1523,168,33206,33590,45563,33596,45538,38663,35230,38668,33618,33034,33622,1508,1513,1512,38636,39695,34006,33986,37176,39013,46065,46052,167,179,180,180,35197,35215,33211,33219,33622,33618,41646,32591,33620,39195,38571,38777,33224,37939,33216,37952,38785,32901,140,33619,45778,1583,32942,45769,35233,1581,1582,187,184,33621,35259,37169,37242,188,33217,99,38558,39180,100,39184,182,15,34103,38803,38806,38812,45997,38596,35615,34028,35242,33222,33213,33209,33238,33219,33209,45948,45946,38544,45982,0,38534,38533,38105,45970,45657,33665,45636,45972,33216,33635,38125,33341,39700,45496,38537,38416,38420,38593,22,38649,33224,1581,1580,33221,1573,38802,33218,39380,34089,33577,33204,38547,34015,34011,34005,34005,39056,35332,35234,35228,33210,32801,38447,33641,38589,33622,39700,33235,33222,33224,33221,45022,45034,39659,45942,38758,33215,45601,37215,37210,45023,34182
MPSPGB60-1,38225,120,38979,46182,45937,38513,39033,38564,38582,38586,39013,39602,38572,39918,39930,38535,38555,39919,39928,39005,38560,38524,39918,39914,121,39557,36778,38992,46581,36771,36771,38578,36826,38552,38213,38587,36782,46185,38956,46186,40187,38957,40185,38576,39029,38577,38509,38478,38484,40240,40758,39012,39003,39561,40072,46623,46617,38236,38516,38511,38496,38951,38971,38588,38575,38564,38564,43280,38809,38560,39981,105,40243,38589,39744,38591,39748,40253,38607,38532,38560,46378,38482,38999,46374,38964,38495,38479,38570,38570,38564,39016,39559,39605,38578,38595,38525,117,39931,38523,39931,38534,38529,39059,40246,40245,40256,46587,125,38882,39024,38979,38599,38583,38568,38604,38575,38586,46605,46490,3,46521,38534,0,10,33589,46523,46505,38576,46503,46514,38574,38574,33611,38545,40632,46518,114,39892,39885,120,38505,40200,38565,38525,38545,38560,38555,40258,38391,40339,39068,36819,39110,19,38936,38939,38945,38945,40497,39046,38951,38955,38394,39156,39905,38565,106,38566,40578,38599,38614,38598,38604,45941,45953,40744,46542,40230,38572,46393,39593,39599,45968,39053
MPSPGB60-2,38225,124,38974,46174,45928,38515,39026,38569,38588,38589,39007,39596,38577,39913,39925,38538,38558,39913,39921,39004,38567,38527,39914,39907,125,39546,36789,38989,46574,36785,36784,38581,36839,38549,38213,38587,36796,46185,38946,46187,40179,38946,40180,38577,39029,38579,38503,38471,38478,40234,40755,39001,38993,39555,40060,46610,46604,38235,38513,38514,38499,38947,38966,38590,38577,38567,38570,43287,38803,38566,39972,119,40249,38592,39747,38595,39753,40258,38609,38535,38563,46366,38472,39001,46369,38958,38488,38469,38566,38570,38568,39013,39551,39600,38574,38595,38525,113,39928,38521,39925,38536,38524,39049,40250,40250,40257,46582,139,38875,39016,38973,38602,38586,38572,38608,38581,38592,46599,46483,9,46503,38533,10,0,33592,46510,46492,38579,46490,46499,38573,38582,33613,38538,40636,46512,118,39882,39875,133,38500,40194,38567,38520,38542,38565,38541,40261,38384,40321,39060,36836,39112,33,38930,38931,38937,38937,40499,39034,38942,38944,38385,39149,39897,38572,119,38567,40588,38602,38614,38602,38607,45930,45942,40748,46537,40225,38575,46405,39579,39583,45954,39049
MPSPGB61-1,37807,33634,39023,46460,46145,38113,38595,38579,38599,38592,38571,38963,38582,39525,39545,38134,38123,39521,39528,38598,38573,38100,39537,39525,33611,38922,36755,38497,46501,36787,36755,38736,36801,38097,37801,38596,36772,46447,38386,46451,39756,38984,39756,38739,38379,38740,38018,38002,38003,39802,40530,38571,38558,38917,39824,46542,46543,37822,38114,38078,38108,38989,38999,38596,38580,38721,38728,42923,38905,38734,39558,33614,39853,38599,39535,38603,39537,39864,37974,38137,38740,46502,38070,38326,46497,38990,38052,38067,38154,38151,38726,39041,38933,38979,38143,38600,38134,33592,39531,38133,39529,38096,38101,38652,39833,39854,39852,46513,33619,38473,38577,39024,38605,38596,38583,38624,38590,38608,46530,46810,33593,46838,38105,33589,33592,0,46841,46375,38748,46348,46831,38588,38735,15,38481,40098,46615,33627,39575,39575,33641,38105,39769,38573,38098,38126,38574,38124,39853,38266,40176,38640,36790,38455,33591,38656,38660,38659,38660,40143,39063,38980,38983,38261,38497,39576,38739,33600,38739,40001,38595,38617,38608,38617,46143,46153,40488,46454,39818,38591,46433,38948,38970,46169,38634
MPSPGB61-2,45758,46570,45040,25822,26097,46014,47171,46602,46630,46624,47133,43756,46626,43216,43244,46124,46119,43223,43221,47192,46606,46094,43218,43217,46579,43708,45663,46455,26897,45983,45686,46422,45933,45868,45752,46603,45704,25814,46334,25796,42872,45040,42874,46421,46719,46423,45851,45822,45825,42917,42156,47129,47130,43736,42265,26928,26911,45780,46097,46064,46096,45001,45021,46633,46621,46411,46415,40203,46734,46409,43231,46558,42867,46616,42949,46648,42927,42876,46303,46065,46414,12654,45932,46688,12656,45036,45899,45919,46081,46081,46419,45054,43745,43774,46033,46614,46048,46546,43226,46049,43228,46096,45999,47255,42908,42910,42926,26861,46562,46175,47152,45044,46624,46603,46596,46667,46623,46631,26880,6,46518,3,45970,46523,46510,46841,0,25670,46458,25662,8,46636,46432,46877,46404,42388,25728,46548,43127,43135,46568,45993,42886,46630,45837,45879,46622,45857,42882,46249,41539,47247,45693,46871,46509,47214,47214,47211,47211,42954,45134,45042,45043,46256,46768,43371,46429,46565,46422,42413,46630,46639,46623,46636,26177,26175,42140,26939,42843,46594,27249,43765,43780,26117,47331
MPSPGB62-1,45560,46548,44510,26012,25879,45664,47246,46147,46154,46154,47225,43401,46153,42584,42602,45834,45844,42596,42581,47257,46143,45804,42581,42586,46539,43350,45232,45887,25530,45514,45152,46091,45459,45580,45550,46072,45166,25878,46111,25885,42248,44538,42256,46077,46328,46072,45536,45500,45492,42308,41698,47233,47239,43367,41815,25520,25514,45594,45818,45801,45812,44480,44507,46142,46153,46060,46082,39581,46285,46069,42615,46500,42531,46165,42259,46152,42250,42552,45803,45838,46075,26089,45519,46137,26091,44498,45506,45509,45841,45841,46068,44529,43368,43404,45851,46143,45720,46533,42584,45715,42598,45814,45663,47285,42550,42544,42561,25510,46547,45791,47234,44487,46160,46154,46148,46187,46165,46161,25547,25668,46501,25680,45657,46505,46492,46375,25670,0,46087,2,25667,46155,46090,46391,46109,41906,26177,46524,42651,42643,46547,45643,42251,46160,45574,45583,46151,45595,42463,45960,41137,47302,45241,46428,46494,47317,47321,47324,47324,42390,44609,44519,44521,45965,46121,42876,46080,46511,46071,41950,46168,46182,46170,46180,26035,26040,41705,25507,42324,46162,27649,43391,43395,25896,47413
MPSPGB62-2,34052,38648,35137,46462,45404,33681,33167,33182,33167,33172,33155,37803,33181,39225,39234,34265,34290,39213,39221,33222,33158,34268,39212,39226,38608,37759,34540,32097,46339,34095,34062,39,34075,33677,34041,32599,34063,46073,32857,46051,38781,35144,38785,58,33176,39,33645,33599,33620,38820,40290,33152,33142,37775,39235,46398,46383,34069,34203,34193,34199,35106,35118,33159,33161,51,48,42296,32688,38,39268,38629,39424,33160,38912,33166,38895,39426,32574,33971,46,46347,33637,32630,46336,35150,33617,33635,34247,34249,52,35161,37780,37826,34245,33162,33731,38597,39228,33717,39222,34208,33695,33259,39408,39416,39426,46342,38634,34796,33155,35118,33165,33163,33148,33200,33173,33169,46324,46425,38607,46470,33665,38576,38579,38748,46458,46087,0,46080,46460,33157,6,38766,32834,40159,46268,38610,38733,38729,38661,33659,38802,33165,33693,33719,33155,33697,39027,33166,39582,33246,34620,33297,38615,33100,33102,33111,33112,39385,35232,35140,35147,33172,33080,38717,45,38630,52,40490,33169,33177,33172,33177,45944,45959,40286,46263,39103,33165,45876,37780,37795,45426,33866
MPSPGB63-1,45541,46546,44508,26006,25869,45638,47215,46122,46128,46128,47191,43397,46127,42575,42594,45807,45819,42587,42573,47228,46119,45779,42573,42577,46539,43345,45216,45872,25522,45498,45137,46086,45445,45559,45531,46047,45150,25872,46102,25880,42232,44534,42240,46076,46309,46069,45517,45481,45470,42295,41691,47200,47206,43361,41809,25513,25507,45573,45797,45780,45791,44476,44503,46118,46127,46057,46078,39566,46266,46065,42606,46501,42527,46139,42245,46126,42236,42550,45783,45820,46070,26082,45500,46116,26085,44494,45489,45492,45823,45823,46064,44525,43363,43399,45828,46119,45702,46532,42576,45696,42590,45794,45644,47255,42541,42535,42552,25506,46544,45792,47201,44484,46136,46130,46124,46162,46140,46136,25539,25658,46499,25669,45636,46503,46490,46348,25662,2,46080,0,25655,46130,46086,46363,46104,41909,26175,46524,42640,42634,46546,45619,42236,46135,45557,45566,46126,45575,42461,45951,41134,47273,45223,46408,46493,47284,47288,47291,47291,42384,44609,44519,44521,45956,46102,42864,46075,46512,46065,41956,46143,46156,46143,46155,26024,26029,41699,25502,42311,46136,27644,43386,43390,25887,47377
MPSPGB63-2,45760,46558,45024,25818,26088,46014,47163,46599,46624,46617,47123,43761,46624,43232,43260,46129,46126,43240,43236,47182,46602,46102,43237,43234,46571,43719,45668,46445,26893,45988,45691,46424,45929,45868,45754,46596,45710,25809,46327,25787,42878,45030,42880,46417,46713,46423,45848,45818,45823,42929,42164,47122,47123,43739,42266,26923,26906,45779,46105,46071,46103,44988,45005,46628,46617,46411,46417,40192,46733,46407,43249,46554,42873,46616,42966,46644,42942,42884,46287,46067,46414,12649,45928,46681,12651,45021,45895,45917,46085,46082,46419,45039,43755,43782,46035,46608,46054,46536,43240,46053,43246,46100,46003,47245,42915,42919,42934,26858,46550,46171,47143,45025,46619,46598,46594,46662,46619,46626,26875,7,46509,5,45972,46514,46499,46831,8,25667,46460,25655,0,46630,46435,46870,46398,42394,25713,46539,43132,43137,46557,45997,42895,46627,45843,45881,46620,45858,42889,46242,41540,47235,45699,46866,46501,47203,47199,47199,47198,42950,45118,45028,45030,46247,46770,43374,46431,46559,46422,42412,46624,46630,46619,46630,26168,26167,42147,26932,42850,46588,27246,43769,43790,26107,47321
MPSPGB63-3,33721,38641,35157,46683,45433,33233,31979,28,27,29,31952,37584,29,39735,39760,33790,33821,39720,39743,31973,26,33784,39724,39735,38587,37535,34028,32012,46643,33736,33582,33135,33619,33252,33693,12,33597,46152,33443,46127,39491,35123,39473,33118,32311,33119,33441,33413,33427,39449,40121,31950,31951,37566,39239,46728,46716,33715,33968,33976,33993,35067,35085,56,55,33122,33134,42425,14298,33122,39770,38624,39878,18,39126,56,39086,39894,31630,33803,33130,46295,33251,31626,46299,35104,33228,33251,33961,33966,33121,35147,37591,37643,33905,11,33297,38578,39755,33273,39747,33981,33239,32059,39884,39895,39899,46656,38629,34797,31964,35141,9,9,9,26,28,26,46545,46614,38597,46636,33216,38574,38573,38588,46636,46155,33157,46130,46630,0,33139,38599,31532,39991,46157,38596,39107,39121,38650,33235,39501,51,33295,33317,47,33308,39363,31938,39795,31992,34123,32244,38606,31990,31988,31979,31981,39871,35180,35086,35094,31955,32245,39140,32617,38615,33129,40633,11,16,14,15,46126,46139,40022,46744,39851,10,46118,37596,37640,45472,32618
MPSPGB64-1,34006,38647,35127,46447,45416,33657,33135,33164,33149,33152,33123,37803,33158,39218,39228,34225,34252,39208,39214,33205,33130,34224,39205,39220,38602,37756,34522,32090,46340,34074,34017,35,34054,33678,33995,32582,34017,46077,32855,46056,38770,35135,38770,62,33151,43,33630,33589,33607,38808,40251,33130,33121,37758,39214,46397,46382,34036,34161,34148,34158,35097,35110,33134,33131,49,44,42287,32655,36,39269,38627,39421,33136,38900,33141,38885,39423,32559,33947,45,46351,33614,32618,46344,35136,33597,33608,34205,34209,50,35151,37766,37809,34202,33139,33698,38583,39221,33685,39215,34165,33662,33235,39404,39413,39424,46346,38634,34784,33133,35110,33140,33137,33122,33178,33158,33147,46323,46400,38605,46443,33635,38574,38582,38735,46432,46090,6,46086,46435,33139,0,38754,32826,40144,46264,38611,38710,38706,38660,33627,38790,33143,33671,33698,33133,33701,39030,33148,39574,33240,34568,33265,38615,33089,33095,33103,33103,39385,35224,35125,35137,33151,33059,38693,43,38628,50,40470,33147,33159,33153,33154,45929,45943,40238,46250,39083,33142,45868,37779,37795,45436,33778
MPSPGB64-3,37826,33652,39033,46496,46149,38143,38631,38588,38611,38604,38610,38991,38592,39524,39547,38164,38154,39523,39527,38637,38578,38128,39542,39524,33623,38951,36762,38508,46509,36801,36762,38759,36815,38122,37819,38597,36782,46486,38415,46488,39794,39011,39795,38754,38401,38755,38046,38030,38028,39832,40542,38617,38603,38942,39856,46550,46551,37847,38140,38106,38136,39002,39022,38597,38586,38734,38750,42947,38924,38747,39569,33623,39895,38603,39558,38607,39553,39905,37985,38160,38754,46538,38087,38350,46537,39005,38076,38084,38173,38170,38737,39055,38951,39007,38162,38601,38155,33627,39529,38153,39533,38115,38118,38693,39873,39897,39892,46523,33641,38489,38621,39048,38609,38595,38586,38640,38601,38621,46535,46845,33619,46873,38125,33611,33613,15,46877,46391,38766,46363,46870,38599,38754,0,38493,40099,46625,33645,39625,39625,33657,38124,39803,38587,38125,38153,38586,38156,39900,38280,40218,38678,36804,38488,33609,38701,38703,38702,38704,40175,39088,39003,39007,38275,38526,39620,38754,33616,38749,40003,38606,38628,38620,38628,46145,46156,40502,46463,39853,38602,46435,38977,38996,46171,38679
MPSPGB65-1,33153,38587,34797,46062,45617,33313,32941,31572,31558,31563,32911,37604,31562,39088,39102,33321,33351,39084,39088,32766,31542,33308,39073,39091,38551,37562,33677,32175,46399,33905,33685,32813,33711,33293,33136,31533,33685,46136,32769,46110,38978,34795,38977,32819,31771,32808,33384,33339,33357,38985,40258,32929,32916,37581,39068,46469,46457,33174,33284,33289,33283,34759,34775,31529,31538,32817,32812,42320,31467,32817,39121,38567,39352,31550,38830,31550,38798,39366,31686,33342,32812,46028,33224,31681,46026,34800,33221,33227,33401,33402,32818,34813,37586,37671,33391,31545,33325,38568,39090,33311,39090,33318,33358,32828,39352,39362,39371,46420,38590,34742,32931,34789,31540,31543,31527,31564,31555,31549,46469,46366,38558,46403,33341,38545,38538,38481,46404,46109,32834,46104,46398,31532,32826,38493,0,40166,46191,38548,39113,39108,38584,33337,39001,31535,33319,33355,31539,33343,39360,705,39703,32793,33848,31848,38551,32738,32736,32727,32727,39668,34892,34798,34802,708,31993,39128,32820,38577,32821,40042,31558,31564,31556,31565,45616,45629,40216,46619,38927,31545,45986,37598,37622,45646,33019
MPSPGB66-1,39406,40737,38148,41856,41737,39726,40624,39999,40017,40012,40595,35675,40016,34726,34750,39841,39848,34741,34737,40653,40001,39819,34732,34724,40664,35667,39442,39811,42165,39581,39455,40135,39496,39664,39389,39981,39445,41848,39990,41840,34619,38102,34622,40139,40041,40129,39646,39624,39637,34634,32738,40593,40588,35701,33225,42206,42201,39428,39836,39786,39823,38061,38078,40024,40025,40117,40135,37927,39908,40125,34743,40727,33511,40012,34327,40037,34320,33527,39824,39762,40123,42174,39678,39953,42179,38095,39679,39668,39779,39791,40118,38158,35714,35745,39750,39990,39785,40648,34743,39766,34756,39800,39685,40708,33532,33537,33539,42159,40737,39573,40613,38122,40008,39995,39987,40042,40027,40025,42102,42381,40655,42400,39700,40632,40636,40098,42388,41906,40159,41909,42394,39991,40144,40099,40166,0,42122,40664,34583,34565,40746,39696,34645,40026,39642,39663,40029,39662,33527,40027,32223,40703,39502,40247,40663,40610,40611,40604,40605,32925,38180,38092,38090,40037,40097,34579,40165,40722,40119,393,39999,40015,40023,40013,41847,41854,32720,42186,34717,39991,42135,35717,35713,41775,40790
MPSPGB67-1,45196,46541,44705,26064,26464,45494,46669,46104,46125,46125,46633,43615,46135,42675,42690,45518,45512,42675,42672,46646,46110,45488,42663,42670,46565,43555,45314,45916,26432,45451,45322,46253,45369,45363,45182,46121,45329,26113,46062,26109,42627,44679,42628,46265,46237,46257,45343,45304,45312,42687,41973,46644,46638,43557,41915,26397,26400,45211,45496,45465,45496,44645,44658,46163,46154,46246,46250,39944,46526,46241,42679,46526,42685,46136,42780,46173,42764,42698,45803,45522,46247,25511,45327,46189,25512,44669,45312,45329,45584,45593,46244,44718,43564,43663,45562,46132,45509,46546,42673,45516,42671,45489,45521,46696,42697,42709,42718,26384,46550,45534,46652,44676,46148,46123,46122,46172,46128,46142,26406,25713,46509,25720,45496,46518,46512,46615,25728,26177,46268,26175,25713,46157,46264,46625,46191,42122,0,46532,42878,42880,46541,45515,42643,46155,45311,45341,46144,45331,42690,46040,41366,46704,45361,46363,46514,46709,46709,46715,46710,42598,44777,44681,44687,46050,46232,42859,46272,46528,46238,42061,46141,46153,46141,46154,26539,26546,41927,26427,42533,46106,27467,43547,43563,26495,46738
MPSPGB68-1,38221,37,39003,46197,45948,38517,39063,38586,38604,38607,39045,39613,38583,39940,39953,38543,38562,39940,39950,39045,38581,38530,39936,39941,33,39568,36787,39019,46606,36779,36785,38608,36844,38559,38207,38607,36793,46198,38971,46203,40197,38984,40196,38605,39047,38603,38519,38487,38493,40255,40791,39044,39043,39575,40093,46641,46635,38239,38515,38516,38497,38974,38995,38608,38595,38595,38601,43304,38823,38591,40002,118,40271,38609,39757,38611,39758,40285,38637,38534,38593,46390,38485,38996,46387,38989,38503,38482,38566,38569,38595,39035,39572,39614,38574,38615,38524,117,39953,38525,39952,38536,38531,39092,40276,40274,40284,46609,41,38907,39059,39002,38619,38603,38588,38625,38598,38606,46625,46515,114,46548,38537,114,118,33627,46548,46524,38610,46524,46539,38596,38611,33645,38548,40664,46532,0,39928,39921,36,38505,40210,38586,38535,38552,38583,38564,40292,38403,40362,39108,36824,39124,118,38969,38972,38980,38980,40504,39067,38971,38977,38403,39164,39940,38599,117,38598,40610,38620,38634,38620,38625,45952,45966,40766,46566,40243,38594,46407,39607,39613,45980,39083
MPSPGB69-1,38110,40010,37448,42504,42093,38411,39914,39063,39080,39081,39887,34454,39073,31826,31841,38421,38458,31825,31825,39934,39070,38424,31823,31820,39934,34414,38760,39152,42809,38900,38760,38707,38753,38431,38087,39058,38766,42502,39257,42492,32689,37425,32692,38701,39467,38705,38341,38310,38329,32661,34811,39898,39888,34422,33279,42858,42844,38135,38424,38407,38412,37380,37392,39068,39075,38694,38697,37789,39089,38692,31833,39996,32486,39080,33587,39075,33579,32517,39227,38412,38693,42910,38390,39344,42904,37402,38380,38380,38450,38456,38691,37444,34423,34471,38469,39065,38443,39914,31830,38420,31842,38415,38397,39978,32539,32538,32547,42804,39976,38980,39908,37404,39080,39061,39065,39104,39082,39080,42760,43113,39895,43139,38416,39892,39882,39575,43127,42651,38733,42640,43132,39107,38710,39625,39113,34583,42878,39928,0,1,40012,38395,32668,39083,38418,38423,39075,38425,32504,38993,34622,39986,38772,39523,39905,39858,39849,39853,39852,33793,37491,37405,37411,39005,39461,89,38715,39997,38696,34503,39083,39071,39084,39070,42147,42154,34798,42761,32746,39065,42844,34452,34455,42124,39997
MPSPGB69-2,38117,40002,37456,42498,42098,38414,39907,39069,39087,39089,39882,34464,39080,31824,31833,38423,38462,31823,31822,39928,39079,38425,31819,31817,39925,34420,38774,39150,42809,38912,38774,38702,38765,38438,38091,39067,38776,42499,39253,42489,32683,37429,32685,38697,39464,38701,38347,38317,38335,32652,34801,39893,39881,34429,33277,42856,42842,38140,38427,38415,38415,37386,37399,39077,39086,38688,38693,37785,39094,38687,31825,39986,32481,39085,33583,39082,33575,32513,39224,38420,38690,42918,38397,39342,42911,37412,38385,38388,38458,38464,38685,37449,34428,34478,38474,39074,38448,39907,31829,38426,31838,38421,38405,39974,32535,32534,32543,42805,39969,38966,39903,37413,39090,39068,39074,39114,39092,39091,42758,43122,39887,43146,38420,39885,39875,39575,43135,42643,38729,42634,43137,39121,38706,39625,39108,34565,42880,39921,1,0,40003,38404,32657,39096,38424,38432,39086,38433,32499,38988,34622,39980,38786,39521,39895,39852,39845,39847,39846,33780,37496,37412,37415,39001,39463,89,38710,39989,38691,34486,39092,39082,39090,39078,42150,42157,34786,42762,32736,39073,42846,34458,34461,42128,39992
MPSPGB7-1,38283,2,39035,46230,45953,38573,39146,38646,38666,38656,39125,39673,38639,39993,40004,38601,38620,39988,40003,39130,38645,38589,39984,39993,16,39626,36823,39070,46619,36818,36824,38659,36881,38612,38270,38666,36833,46244,39042,46251,40281,39003,40284,38661,39111,38661,38573,38538,38547,40332,40838,39123,39118,39640,40180,46645,46639,38296,38571,38575,38558,39007,39023,38670,38653,38657,38652,43334,38875,38648,40056,119,40342,38671,39814,38674,39822,40353,38684,38593,38647,46419,38544,39058,46420,39020,38556,38539,38624,38625,38655,39073,39643,39678,38630,38677,38586,135,40006,38585,40002,38600,38590,39172,40344,40343,40352,46611,10,38949,39138,39033,38677,38670,38650,38683,38657,38665,46638,46539,116,46565,38593,120,133,33641,46568,46547,38661,46546,46557,38650,38660,33657,38584,40746,46541,36,40012,40003,0,38564,40293,38642,38589,38606,38640,38613,40356,38445,40446,39186,36859,39185,118,39048,39048,39056,39057,40581,39093,38994,38996,38440,39234,40031,38651,118,38656,40689,38677,38684,38678,38676,45959,45971,40815,46574,40320,38651,46423,39667,39673,45986,39167
MPSPGB7-3,174,38559,35251,45559,45008,20,34019,33244,33235,33246,34001,37172,33251,39180,39170,183,180,39169,39179,34049,33222,181,39159,39177,38519,37138,33515,32816,46016,33720,33595,33620,33567,1527,179,33227,33583,45561,33623,45537,38643,35219,38648,33612,33039,33617,1509,1514,1514,38608,39677,33994,33985,37160,39013,46056,46044,170,189,194,182,35186,35203,33231,33236,33616,33610,41625,32609,33609,39193,38545,38754,33242,37905,33238,37921,38760,32901,148,33614,45803,1587,32948,45792,35228,1588,1581,188,191,33620,35251,37162,37225,180,33238,101,38531,39182,94,39183,197,12,34085,38784,38786,38788,45989,38563,35634,34017,35229,33239,33233,33226,33258,33235,33226,45947,45971,38516,46008,22,38505,38500,38105,45993,45643,33659,45619,45997,33235,33627,38124,33337,39696,45515,38505,38395,38404,38564,0,38620,33241,1583,1582,33239,1577,38774,33216,39384,34074,33574,33204,38523,34002,33998,33994,33991,39059,35323,35223,35218,33206,32790,38430,33633,38558,33615,39698,33255,33241,33242,33239,45050,45062,39644,45936,38727,33235,45600,37191,37188,45041,34181
MPSPGB70,38759,40287,37103,42916,42145,38662,40006,39476,39483,39480,39974,34972,39482,32693,32709,39103,39164,32695,32705,40106,39477,39104,32694,32697,40226,34925,39425,39518,42663,39168,38966,38786,39002,38544,38732,39056,38960,42592,39501,42584,60,37072,65,38793,39638,38805,38447,38423,38431,34,35465,39977,39962,34953,33151,42708,42698,38767,39091,39093,39106,37053,37052,39466,39456,38776,38789,37625,39461,38785,32742,40292,33325,39453,33715,39472,33723,33340,39034,38869,38785,42600,38463,39174,42599,37080,38461,38458,39143,39134,38777,37104,34936,34976,39135,39456,38665,40242,32713,38642,32717,39116,38640,40149,33333,33336,33342,42660,40276,38905,39988,37079,39451,39438,39432,39490,39478,39457,42615,42865,40214,42910,38649,40200,40194,39769,42886,42251,38802,42236,42895,39501,38790,39803,39001,34645,42643,40210,32668,32657,40293,38620,0,39464,38507,38538,39468,38539,32957,39343,35049,40148,39437,39687,40213,40014,40013,40015,40012,33934,37149,37056,37056,39333,39881,32670,38589,40286,38794,34905,39478,39457,39470,39459,42620,42624,35420,42623,2056,39448,42921,34962,34969,42182,40623
MPSPGB71,33731,38631,35125,46659,45419,33267,31940,43,41,40,31908,37630,41,39744,39769,33712,33740,39729,39750,31925,40,33702,39735,39743,38579,37583,34041,32015,46640,33763,33581,33141,33656,33296,33703,12,33598,46138,33402,46113,39473,35101,39454,33147,32344,33145,33415,33389,33401,39433,40093,31918,31915,37599,39193,46688,46675,33731,33895,33899,33917,35041,35061,12,14,33123,33138,42426,14307,33127,39784,38616,39903,18,39175,15,39134,39916,31608,33795,33135,46278,33218,31606,46281,35078,33195,33217,33932,33937,33124,35114,37587,37690,33923,8,33293,38583,39760,33270,39758,33904,33249,31972,39905,39917,39919,46639,38620,34802,31920,35106,8,8,8,38,39,40,46527,46607,38588,46630,33224,38565,38567,38573,46630,46160,33165,46135,46627,51,33143,38587,31535,40026,46155,38586,39083,39096,38642,33241,39464,0,33303,33323,4,33312,39348,31878,39778,31943,34165,32128,38599,31916,31916,31909,31909,39842,35161,35066,35073,31894,32270,39117,32615,38607,33135,40541,11,17,14,12,46084,46097,40001,46671,39796,12,46085,37590,37618,45461,32483
MPSPGB72-1,1629,38582,35327,45405,44987,1576,33991,33297,33288,33299,33976,37078,33302,39141,39134,1604,1605,39139,39139,34003,33268,1606,39123,39136,38534,37070,33549,32822,45945,33723,33567,33670,33571,185,1630,33282,33561,45377,33503,45358,38526,35318,38530,33655,33048,33655,163,167,168,38501,39490,33981,33977,37092,38960,45960,45947,1629,1580,1578,1578,35281,35297,33280,33287,33648,33660,41529,32725,33652,39163,38563,38695,33300,37814,33284,37817,38706,32849,1604,33651,45600,177,32959,45589,35312,179,177,1643,1642,33650,35324,37084,37115,1645,33289,1612,38554,39141,1610,39150,1584,1599,34037,38712,38714,38722,45921,38595,35541,33990,35294,33297,33286,33282,33313,33299,33282,45849,45811,38535,45847,1581,38525,38520,38098,45837,45574,33693,45557,45843,33295,33671,38125,33319,39642,45311,38535,38418,38424,38589,1583,38507,33303,0,1,33299,12,38702,33127,39263,34051,33616,33131,38542,33972,33976,33979,33980,38932,35404,35320,35313,33110,32784,38456,33665,38587,33655,39563,33314,33310,33308,33302,45019,45028,39509,45854,38574,33297,45494,37113,37113,45026,34085
MPSPGB72-2,1627,38600,35344,45413,45012,1574,34023,33324,33315,33323,34009,37092,33326,39158,39153,1606,1604,39157,39157,34031,33294,1604,39142,39155,38555,37076,33584,32844,45976,33754,33604,33694,33603,188,1627,33307,33597,45403,33531,45377,38557,35332,38561,33680,33081,33681,163,167,167,38526,39531,34015,33999,37100,38975,45997,45984,1628,1580,1579,1580,35295,35315,33307,33310,33676,33684,41581,32745,33680,39183,38581,38708,33323,37829,33310,37834,38714,32882,1603,33677,45643,180,32990,45632,35331,181,181,1644,1643,33680,35340,37089,37124,1646,33316,1610,38576,39160,1609,39166,1585,1597,34069,38719,38724,38729,45953,38612,35583,34022,35316,33323,33313,33310,33341,33322,33307,45881,45853,38557,45884,1580,38545,38542,38126,45879,45583,33719,45566,45881,33317,33698,38153,33355,39663,45341,38552,38423,38432,38606,1582,38538,33323,1,0,33322,14,38712,33159,39277,34080,33646,33164,38558,34006,34007,34010,34011,38955,35425,35338,35330,33143,32828,38461,33692,38600,33683,39583,33338,33329,33330,33326,45043,45052,39543,45885,38599,33321,45533,37120,37118,45047,34119
MPSPGB73-1,33717,38629,35129,46642,45418,33263,31936,38,37,40,31903,37628,40,39728,39755,33702,33732,39712,39735,31917,36,33695,39720,39727,38577,37582,34030,32016,46633,33759,33578,33129,33651,33294,33690,11,33597,46139,33402,46111,39478,35108,39458,33135,32349,33133,33412,33386,33399,39437,40103,31918,31909,37596,39192,46683,46669,33715,33877,33884,33906,35048,35066,15,14,33115,33128,42428,14298,33118,39773,38612,39900,18,39168,18,39129,39912,31618,33793,33125,46270,33212,31614,46274,35087,33188,33211,33920,33924,33115,35118,37582,37689,33911,11,33288,38580,39745,33263,39741,33888,33245,31968,39900,39913,39915,46632,38617,34816,31919,35109,11,11,11,38,38,38,46520,46601,38585,46624,33221,38560,38565,38574,46622,46151,33155,46126,46620,47,33133,38586,31539,40029,46144,38583,39075,39086,38640,33239,39468,4,33299,33322,0,33311,39353,31875,39780,31934,34153,32132,38596,31910,31909,31904,31905,39845,35169,35073,35079,31888,32275,39106,32610,38605,33126,40535,10,15,14,14,46068,46081,40007,46663,39786,8,46086,37588,37617,45459,32466
MPSPGB73-2,1622,38612,35315,45424,45014,1568,34016,33309,33302,33308,34002,37085,33311,39158,39153,1596,1599,39156,39157,34028,33284,1601,39135,39153,38565,37069,33571,32827,45985,33747,33583,33694,33585,191,1622,33295,33575,45409,33497,45384,38560,35303,38561,33682,33065,33680,168,172,170,38529,39512,34011,34002,37098,38988,46002,45986,1623,1574,1574,1574,35262,35280,33294,33301,33673,33687,41549,32746,33679,39175,38582,38714,33312,37829,33301,37836,38721,32863,1600,33676,45643,172,32973,45634,35299,174,174,1637,1636,33677,35311,37084,37119,1639,33301,1601,38574,39162,1599,39168,1578,1593,34063,38700,38706,38710,45956,38616,35575,34018,35281,33309,33300,33297,33325,33309,33296,45889,45832,38566,45863,1573,38555,38541,38124,45857,45595,33697,45575,45858,33308,33701,38156,33343,39662,45331,38564,38425,38433,38613,1577,38539,33312,12,14,33311,0,38714,33146,39281,34075,33621,33143,38562,34001,33999,34004,34004,38967,35391,35306,35298,33134,32798,38455,33694,38607,33680,39583,33325,33312,33316,33309,45044,45052,39524,45889,38604,33311,45522,37117,37115,45048,34089
MPSPGB74,38457,40346,37427,42171,41917,38786,39850,39358,39358,39353,39843,34731,39346,32990,32987,38772,38820,32991,32992,39865,39339,38772,32993,32987,40298,34674,38850,39113,42578,39050,38849,39031,38888,38681,38434,39346,38845,42210,39034,42212,32989,37434,32987,39021,39224,39019,38614,38582,38589,32974,34413,39838,39829,34706,32429,42623,42613,38469,38808,38783,38800,37365,37386,39347,39350,39017,39023,37679,39355,39006,33031,40342,64,39359,33350,39356,33366,68,39012,38782,39021,42939,38612,39152,42933,37405,38611,38601,38834,38834,39018,37422,34725,34737,38843,39347,38797,40291,32997,38779,32999,38801,38778,39912,70,72,69,42571,40325,38555,39845,37395,39353,39344,39341,39366,39353,39340,42505,42865,40274,42884,38802,40258,40261,39853,42882,42463,39027,42461,42889,39363,39030,39900,39360,33527,42690,40292,32504,32499,40356,38774,32957,39348,38702,38712,39353,38714,0,39194,34409,39912,38926,39253,40271,39830,39837,39838,39834,33442,37495,37403,37415,39191,39255,32494,39025,40345,39017,33442,39361,39359,39366,39353,41925,41938,34414,42506,32972,39346,42492,34742,34728,41923,39924
MPSPGB75,33358,38438,34704,46426,45434,33233,32762,31918,31903,31915,32730,37531,31930,39469,39483,33574,33607,39467,39470,32599,31894,33564,39457,39472,38391,37480,34104,32097,46198,33859,33605,33131,33704,33230,33344,31356,33599,45999,33137,45973,39316,34665,39299,33203,32336,33184,33219,33173,33192,39311,40093,32750,32729,37468,38907,46279,46268,33388,33488,33490,33495,34638,34645,31880,31882,33123,33131,42155,31710,33127,39557,38423,39753,31860,39056,31892,39027,39768,31669,33690,33136,45946,33096,31621,45938,34669,33094,33095,33593,33592,33125,34723,37433,37580,33578,31877,33182,38411,39480,33168,39473,33517,33239,32663,39748,39759,39766,46217,38438,34717,32746,34693,31871,31869,31851,31929,31903,31906,46258,46208,38415,46252,33218,38391,38384,38266,46249,45960,33166,45951,46242,31938,33148,38280,705,40027,46040,38403,38993,38988,38445,33216,39343,31878,33127,33159,31875,33146,39194,0,39528,32660,34240,32292,38406,32604,32604,32595,32596,39519,34760,34669,34670,21,32523,39010,32697,38427,33129,40338,31883,31892,31887,31885,45803,45815,40032,46424,39194,31863,46048,37436,37445,45462,33161
MPSPGB76,39129,40434,38030,41149,40703,39400,40434,39761,39773,39775,40407,36113,39779,34868,34887,39416,39432,34880,34877,40505,39765,39404,34879,34869,40371,36091,38981,39807,41503,39107,38929,39573,38959,39225,39108,39773,38948,41183,39377,41173,35076,38013,35076,39589,39795,39583,39156,39160,39157,35057,31199,40417,40409,36116,33268,41543,41531,39141,39407,39384,39414,37974,37993,39772,39776,39564,39563,37912,39800,39563,34886,40408,34391,39785,34841,39771,34843,34415,39601,39416,39565,41603,39180,39751,41592,38009,39175,39171,39420,39418,39562,38032,36111,36151,39427,39777,39454,40361,34883,39431,34888,39396,39371,40541,34411,34402,34414,41499,40397,39374,40422,38009,39788,39773,39770,39793,39766,39765,41501,41532,40351,41551,39380,40339,40321,40176,41539,41137,39582,41134,41540,39795,39574,40218,39703,32223,41366,40362,34622,34622,40446,39384,35049,39778,39263,39277,39780,39281,34409,39528,0,40533,38969,39867,40340,40397,40395,40397,40399,33006,38091,37997,38005,39540,39652,34637,39574,40421,39564,32129,39789,39780,39787,39778,40746,40749,31195,41510,35023,39779,41352,36157,36141,40740,40568
MPSPGB77,34004,39179,35607,46760,46074,34126,337,31972,31971,31974,331,38436,31972,39859,39874,34146,34171,39847,39864,489,31950,34114,39845,39861,39080,38397,34068,32017,46900,34540,34112,33241,34370,34159,33979,31924,34131,46764,32360,46727,40131,35603,40139,33233,32701,33241,34033,33980,34018,40089,40762,325,329,38398,39983,46978,46959,34066,34102,34095,34115,35566,35581,31949,31948,33229,33238,42894,32762,33233,39862,39151,39914,31944,39282,31961,39256,39927,32497,34172,33234,46755,34036,32541,46752,35617,34021,34028,34158,34182,33231,35616,38407,38459,34169,31949,34130,39096,39867,34106,39870,34118,34078,176,39907,39923,39925,46953,39139,35578,336,35591,31952,31935,31924,32001,31971,31958,46900,47220,39099,47256,34089,39068,39060,38640,47247,47302,33246,47273,47235,31992,33240,38678,32793,40703,46704,39108,39986,39980,39186,34074,40148,31943,34051,34080,31934,34075,39912,32660,40533,0,34152,32760,39100,682,670,647,649,40023,35701,35606,35610,32663,32033,40213,33236,39156,33252,40621,31940,31952,31945,31951,46126,46140,40720,46837,40114,31929,46571,38434,38435,46120,565
MPSPGB78,33930,36847,35706,45716,44699,33559,34100,34125,34124,34143,34077,37833,34146,38738,38750,34172,34197,38731,38738,34095,34112,34164,38731,38735,36825,37778,631,33666,45659,117,152,34572,122,33570,33905,33664,151,45310,33923,45307,39458,35686,39440,34574,34106,34567,33686,33657,33676,39428,39808,34083,34066,37792,38968,45730,45717,33928,34152,34171,34183,35660,35679,34156,34151,34550,34556,41963,34429,34558,38770,36830,39157,34131,38673,34155,38654,39180,33216,34194,34557,45398,33566,33425,45398,35696,33557,33554,34162,34161,34550,35716,37808,37832,34120,34131,33610,36838,38738,33607,38729,34180,33601,34166,39187,39198,39200,45671,36845,35588,34088,35709,34133,34125,34117,34157,34131,34125,45543,45691,36829,45695,33577,36819,36836,36790,45693,45241,34620,45223,45699,34123,34568,36804,33848,39502,45361,36824,38772,38786,36859,33574,39437,34165,33616,33646,34153,33621,38926,34240,38969,34152,0,34032,36832,34021,34022,34035,34038,39352,35753,35670,35679,34233,33447,38796,34073,36828,34566,40064,34145,34136,34139,34124,45219,45229,39757,45743,39716,34121,45414,37823,37843,44708,34814
MPSPGB79,33590,39174,35466,46938,45545,33218,32808,32160,32167,32161,32790,38311,32171,39995,40010,33720,33751,39989,40005,32697,32149,33718,39976,40003,39116,38250,33924,18994,46540,33797,33501,33250,33651,33258,33567,31779,33485,46369,33171,46353,39654,35443,39646,33317,1159,33314,33114,33067,33093,39648,40343,32767,32753,38259,39313,46630,46617,33605,33735,33737,33746,35399,35421,32144,32132,33235,33256,42609,32408,33242,40096,39176,39878,32108,39406,32154,39372,39896,443,33781,33240,46421,33142,383,46415,35422,33141,33145,33819,33823,33237,35485,38202,38310,33805,32126,33152,39117,40011,33131,40004,33764,33240,32747,39870,39894,39892,46541,39158,35461,32771,35463,32116,32118,32100,32184,32159,32157,46508,46833,39128,46875,33204,39110,39112,38455,46871,46428,33297,46408,46866,32244,33265,38488,31848,40247,46363,39124,39523,39521,39185,33204,39687,32128,33131,33164,32132,33143,39253,32292,39867,32760,34032,0,39136,32650,32652,32655,32655,39965,35541,35435,35443,32280,25697,39543,32789,39174,33255,40652,32120,32130,32137,32127,46189,46199,40282,46464,39895,32113,46468,38195,38221,45585,33360
MPSPGB8-2,38239,121,38994,46181,45924,38527,39066,38603,38622,38613,39044,39615,38595,39932,39944,38554,38574,39930,39940,39044,38604,38543,39926,39929,126,39571,36793,39019,46573,36784,36785,38608,36838,38565,38226,38623,36793,46192,38984,46196,40201,38959,40206,38616,39066,38614,38523,38488,38498,40253,40771,39039,39036,39580,40096,46600,46594,38250,38526,38529,38508,38971,38984,38627,38610,38610,38605,43292,38819,38603,39994,102,40258,38630,39763,38632,39768,40270,38638,38552,38602,46362,38498,39016,46364,38983,38505,38494,38585,38586,38608,39035,39585,39624,38589,38632,38544,130,39945,38539,39938,38553,38546,39087,40261,40259,40269,46566,123,38903,39054,38992,38636,38628,38608,38642,38612,38621,46593,46482,15,46509,38547,19,33,33591,46509,46494,38615,46493,46501,38606,38615,33609,38551,40663,46514,118,39905,39895,118,38523,40213,38599,38542,38558,38596,38562,40271,38406,40340,39100,36832,39136,0,38965,38965,38972,38972,40505,39048,38953,38958,38406,39182,39921,38604,105,38609,40604,38633,38638,38634,38634,45929,45941,40744,46536,40240,38607,46399,39606,39613,45956,39086
MPSPGB81-1,33858,39042,35529,46720,46051,34061,630,31950,31952,31951,627,38378,31944,39755,39764,34036,34057,39741,39760,588,31917,34004,39740,39754,38945,38327,34119,31988,46890,34466,33979,33091,34301,34052,33838,31898,33980,46760,32269,46720,39989,35499,39998,33080,32706,33094,33945,33899,33929,39991,40657,623,623,38337,39879,46976,46965,33913,34027,34011,34033,35454,35471,31918,31916,33074,33082,42726,32680,33084,39778,39019,39815,31909,39300,31935,39277,39828,32384,34037,33085,46748,33936,32439,46745,35509,33926,33929,34073,34093,33081,35538,38337,38394,34081,31917,34045,38968,39763,34016,39765,34035,34004,676,39807,39827,39826,46915,39005,35504,621,35511,31915,31902,31892,31981,31944,31939,46896,47184,38964,47220,34015,38936,38930,38656,47214,47317,33100,47284,47203,31990,33089,38701,32738,40610,46709,38969,39858,39852,39048,34002,40014,31916,33972,34006,31910,34001,39830,32604,40397,682,34021,32650,38965,0,2,2,1,39937,35594,35498,35501,32604,31931,40088,33110,39020,33102,40507,31908,31924,31909,31915,46110,46123,40621,46833,39978,31894,46587,38337,38340,46095,591
MPSPGB81-2,33852,39042,35527,46726,46052,34057,625,31947,31950,31951,622,38385,31943,39755,39766,34032,34053,39742,39761,577,31914,34000,39738,39755,38947,38328,34119,31995,46895,34465,33977,33096,34299,34052,33830,31898,33978,46763,32269,46723,39987,35497,39996,33086,32709,33098,33946,33899,33932,39990,40653,614,615,38337,39878,46979,46968,33908,34022,34007,34025,35459,35476,31917,31917,33076,33084,42734,32684,33085,39782,39020,39820,31909,39306,31937,39283,39833,32392,34033,33087,46752,33931,32444,46748,35508,33918,33926,34069,34087,33082,35537,38338,38397,34078,31916,34040,38969,39763,34016,39765,34027,34002,668,39812,39832,39834,46920,39005,35504,617,35512,31915,31901,31891,31978,31943,31936,46899,47181,38967,47215,34011,38939,38931,38660,47214,47321,33102,47288,47199,31988,33095,38703,32736,40611,46709,38972,39849,39845,39048,33998,40013,31916,33976,34007,31909,33999,39837,32604,40395,670,34022,32652,38965,2,0,0,1,39938,35592,35496,35501,32603,31933,40081,33114,39020,33103,40505,31908,31925,31909,31915,46111,46124,40618,46835,39977,31894,46590,38343,38345,46097,578
MPSPGB82-1,33868,39050,35538,46729,46057,34061,604,31939,31942,31943,601,38386,31937,39755,39769,34052,34073,39742,39761,555,31908,34020,39738,39755,38954,38330,34125,31990,46899,34479,33975,33104,34312,34067,33846,31893,33995,46766,32274,46722,39988,35509,39997,33094,32705,33106,33966,33915,33948,39991,40654,590,594,38338,39877,46986,46975,33924,34037,34022,34045,35470,35487,31912,31912,33084,33093,42745,32679,33093,39783,39026,39820,31904,39302,31930,39280,39833,32397,34048,33095,46749,33943,32440,46745,35520,33932,33938,34082,34102,33091,35548,38339,38397,34090,31909,34053,38974,39763,34029,39765,34043,33995,649,39812,39832,39831,46927,39013,35503,596,35522,31910,31896,31886,31970,31933,31928,46904,47181,38975,47217,34005,38945,38937,38659,47211,47324,33111,47291,47199,31979,33103,38702,32727,40604,46715,38980,39853,39847,39056,33994,40015,31909,33979,34010,31904,34004,39838,32595,40397,647,34035,32655,38972,2,0,0,1,39943,35604,35508,35513,32595,31931,40083,33122,39028,33112,40501,31903,31916,31904,31910,46116,46129,40617,46837,39978,31889,46582,38344,38346,46102,556
MPSPGB82-2,33866,39051,35539,46727,46056,34063,605,31943,31946,31947,602,38382,31940,39755,39771,34052,34073,39744,39761,556,31911,34020,39740,39755,38955,38325,34128,31986,46898,34481,33979,33105,34315,34067,33843,31894,33997,46762,32274,46721,39983,35510,39992,33095,32705,33108,33966,33915,33949,39989,40656,592,594,38337,39877,46988,46975,33925,34035,34019,34043,35468,35484,31913,31912,33088,33096,42742,32680,33097,39784,39025,39818,31905,39300,31931,39279,39830,32396,34047,33097,46752,33942,32440,46746,35521,33931,33935,34081,34101,33095,35549,38339,38393,34089,31912,34050,38972,39763,34025,39767,34040,33995,649,39811,39829,39830,46926,39014,35501,596,35522,31910,31897,31887,31975,31937,31930,46904,47179,38976,47217,34005,38945,38937,38660,47211,47324,33112,47291,47198,31981,33103,38704,32727,40605,46710,38980,39852,39846,39057,33991,40012,31909,33980,34011,31905,34004,39834,32596,40399,649,34038,32655,38972,1,1,1,0,39939,35604,35508,35513,32595,31932,40082,33122,39028,33116,40502,31903,31918,31906,31911,46115,46128,40617,46837,39976,31891,46584,38339,38342,46101,557
MPSPGB83,38757,40576,38001,42426,42245,39082,40025,39841,39864,39853,40008,35313,39866,33980,34002,39086,39092,33979,33996,39990,39852,39085,33979,33985,40535,35267,39313,39714,42614,39542,39326,39378,39389,38950,38741,39855,39312,42427,39782,42421,33927,38023,33929,39387,39917,39385,38906,38882,38899,33972,33673,39998,39992,35304,33279,42640,42629,38769,39103,39062,39094,37955,37976,39859,39842,39372,39369,38310,39689,39363,34008,40570,33407,39868,34059,39867,34064,33437,39708,39096,39364,42739,38899,39859,42730,37996,38898,38894,39089,39094,39373,38022,35303,35333,39100,39869,39109,40553,33996,39085,33996,39087,39056,40044,33416,33421,33427,42590,40566,39589,40014,37976,39871,39853,39840,39897,39857,39868,42531,42928,40503,42959,39056,40497,40499,40143,42954,42390,39385,42384,42950,39871,39385,40175,39668,32925,42598,40504,33793,33780,40581,39059,33934,39842,38932,38955,39845,38967,33442,39519,33006,40023,39352,39965,40505,39937,39938,39943,39939,0,38084,37999,38005,39528,39886,33811,39373,40576,39371,32844,39871,39879,39881,39880,42302,42306,33688,42516,33893,39850,42404,35328,35331,42285,40112
MPSPGB84,35170,39076,182,44813,44311,35328,35612,35160,35173,35177,35581,37029,35169,37476,37498,35345,35389,37483,37485,35655,35149,35331,37469,37472,39035,36985,35722,35278,44874,35894,35708,35220,35756,35389,35138,35163,35696,44806,35304,44791,37151,174,37156,35226,35465,35228,35326,35307,35331,37158,38464,35585,35580,36990,37639,44902,44896,35205,35313,35321,35321,173,172,35163,35163,35222,35223,40457,34997,35220,37509,39060,37491,35173,36363,35176,36334,37504,35244,35339,35225,45062,35302,35412,45056,166,35303,35304,35363,35392,35222,184,36996,37041,35389,35174,35349,39042,37492,35355,37506,35350,35360,35697,37486,37494,37493,44856,39064,36949,35592,204,35183,35154,35157,35202,35170,35170,44846,45097,39061,45133,35332,39046,39034,39063,45134,44609,35232,44609,45118,35180,35224,39088,34892,38180,44777,39067,37491,37496,39093,35323,37149,35161,35404,35425,35169,35391,37495,34760,38091,35701,35753,35541,39048,35594,35592,35604,35604,38084,0,143,141,34773,35489,37509,35228,39052,35224,38111,35189,35191,35184,35187,44328,44346,38434,44748,37269,35156,44851,37028,37022,44340,35693
MPSPGB85-1,35077,38977,81,44722,44220,35229,35520,35066,35077,35080,35494,36925,35072,37392,37419,35250,35288,37397,37403,35557,35051,35231,37389,37390,38939,36887,35641,35179,44788,35803,35625,35124,35677,35301,35045,35066,35612,44715,35216,44700,37058,72,37063,35130,35363,35132,35242,35223,35247,37065,38372,35494,35489,36890,37572,44817,44811,35114,35214,35225,35224,70,72,35068,35068,35126,35126,40376,34905,35124,37426,38965,37398,35076,36270,35080,36242,37412,35146,35241,35127,44972,35218,35310,44965,64,35221,35219,35267,35297,35126,81,36891,36939,35293,35078,35248,38948,37407,35256,37421,35254,35262,35601,37394,37401,37402,44770,38967,36851,35503,105,35088,35059,35061,35109,35079,35075,44758,45005,38966,45043,35234,38951,38942,38980,45042,44519,35140,44519,45028,35086,35125,39003,34798,38092,44681,38971,37405,37412,38994,35223,37056,35066,35320,35338,35073,35306,37403,34669,37997,35606,35670,35435,38953,35498,35496,35508,35508,37999,143,0,4,34682,35398,37420,35130,38952,35128,38031,35093,35095,35090,35093,44238,44256,38339,44658,37176,35062,44768,36925,36917,44253,35596
MPSPGB85-2,35070,38981,81,44724,44222,35224,35525,35073,35088,35089,35494,36921,35081,37401,37425,35241,35284,37403,37409,35561,35060,35227,37396,37397,38943,36886,35647,35184,44791,35812,35631,35139,35686,35294,35039,35074,35619,44718,35232,44700,37060,73,37067,35144,35369,35145,35235,35215,35239,37067,38375,35498,35494,36885,37569,44819,44813,35104,35211,35217,35215,79,77,35075,35075,35141,35142,40377,34919,35137,37435,38970,37412,35086,36285,35088,36255,37426,35153,35235,35139,44975,35208,35316,44968,64,35209,35209,35259,35288,35141,85,36888,36935,35285,35085,35245,38948,37415,35249,37432,35244,35254,35605,37408,37415,37416,44774,38968,36861,35504,109,35093,35066,35067,35117,35084,35082,44762,45006,38968,45044,35228,38955,38944,38983,45043,44521,35147,44521,45030,35094,35137,39007,34802,38090,44687,38977,37411,37415,38996,35218,37056,35073,35313,35330,35079,35298,37415,34670,38005,35610,35679,35443,38958,35501,35501,35513,35513,38005,141,4,0,34683,35408,37425,35142,38960,35142,38024,35101,35105,35099,35100,44240,44258,38347,44662,37181,35071,44772,36922,36915,44251,35602
MPSPGB86,33347,38430,34714,46420,45441,33220,32783,31932,31926,31933,32752,37530,31945,39463,39479,33556,33587,39456,39466,32601,31908,33546,39448,39467,38393,37481,34095,32112,46186,33857,33603,33138,33710,33212,33330,31374,33593,45991,33133,45969,39310,34682,39292,33206,32316,33185,33220,33171,33189,39308,40108,32764,32749,37476,38914,46280,46263,33376,33472,33472,33472,34649,34659,31897,31896,33125,33135,42153,31729,33128,39554,38423,39748,31878,39045,31908,39017,39765,31656,33673,33137,45938,33087,31604,45932,34682,33085,33085,33579,33578,33128,34732,37440,37585,33563,31893,33165,38410,39479,33152,39471,33496,33230,32677,39752,39757,39768,46207,38437,34726,32761,34705,31885,31887,31867,31943,31919,31918,46256,46216,38416,46253,33210,38394,38385,38261,46256,45965,33172,45956,46247,31955,33151,38275,708,40037,46050,38403,39005,39001,38440,33206,39333,31894,33110,33143,31888,33134,39191,21,39540,32663,34233,32280,38406,32604,32603,32595,32595,39528,34773,34682,34683,0,32519,39024,32701,38426,33135,40351,31896,31912,31901,31902,45815,45829,40051,46422,39192,31881,46063,37437,37462,45468,33170
MPSPGB87-1,33250,39220,35443,46920,45592,32796,31947,32253,32260,32263,31923,38086,32276,39735,39747,33331,33366,39732,39747,31979,32249,33342,39721,39740,39159,38016,33322,24488,46298,33159,32962,33063,32994,32783,33237,32229,32935,46312,32634,46293,39831,35408,39810,33048,25743,33055,32776,32727,32776,39812,39937,31924,31919,38046,39431,46397,46393,33248,33477,33482,33484,35365,35385,32274,32268,33047,33048,42446,32529,33053,39758,39226,39792,32252,39599,32286,39558,39807,25123,33336,33055,46368,32769,25101,46373,35394,32769,32771,33503,33520,33049,35458,38078,38070,33459,32239,32831,39171,39750,32808,39748,33501,32832,32046,39781,39788,39796,46304,39194,35122,31933,35435,32243,32239,32227,32289,32261,32260,46273,46744,39172,46770,32801,39156,39149,38497,46768,46121,33080,46102,46770,32245,33059,38526,31993,40097,46232,39164,39461,39463,39234,32790,39881,32270,32784,32828,32275,32798,39255,32523,39652,32033,33447,25697,39182,31931,31933,31931,31932,39886,35489,35398,35408,32519,0,39474,32558,39228,33068,40773,32247,32253,32250,32249,46265,46276,39889,46303,40167,32242,46232,38073,38108,45609,32573
MPSPGB88,38137,40023,37470,42757,42110,38444,40139,39091,39110,39111,40114,34487,39102,31816,31824,38455,38494,31815,31817,40162,39101,38458,31821,31810,39946,34441,38785,39178,42801,38915,38781,38690,38784,38456,38111,39089,38783,42758,39271,42745,32694,37444,32695,38685,39483,38689,38378,38348,38365,32674,34779,40126,40114,34452,33283,42850,42836,38158,38456,38448,38446,37396,37410,39099,39107,38678,38681,38033,39112,38676,31827,40011,32477,39108,33618,39104,33611,32507,39246,38439,38677,43169,38425,39362,43162,37422,38415,38415,38485,38491,38674,37462,34449,34501,38503,39096,38481,39949,31823,38460,31838,38453,38432,40206,32529,32528,32537,42788,39997,39196,40135,37423,39111,39091,39097,39135,39115,39112,42749,43358,39908,43383,38447,39905,39897,39576,43371,42876,38717,42864,43374,39140,38693,39620,39128,34579,42859,39940,89,89,40031,38430,32670,39117,38456,38461,39106,38455,32494,39010,34637,40213,38796,39543,39921,40088,40081,40083,40082,33811,37509,37420,37425,39024,39474,0,38701,40014,38678,34498,39114,39103,39112,39099,42163,42168,34771,42751,32747,39093,42867,34477,34481,42144,40228
MPSPGB89,33520,38637,35131,46061,45392,33656,33150,32647,32632,32634,33133,37814,32636,38844,38848,33674,33698,38827,38837,33222,32620,33676,38830,38840,38596,37765,33998,32074,46320,34084,34016,43,34070,33692,33510,32580,34017,46064,32531,46042,38587,35136,38584,54,32710,37,33647,33605,33623,38618,40245,33138,33127,37762,39230,46379,46365,33539,33675,33665,33670,35101,35115,32616,32611,40,39,42289,32350,27,38857,38619,39040,32607,38518,32617,38503,39042,32559,33686,37,46339,33630,32618,46330,35141,33610,33628,33715,33720,41,35155,37756,37819,33712,32598,33703,38588,38843,33689,38837,33680,33669,33234,39028,39034,39044,46326,38625,34755,33141,35116,32605,32603,32588,32655,32640,32625,46298,46396,38596,46442,33641,38565,38572,38739,46429,46080,45,46075,46431,32617,43,38754,32820,40165,46272,38599,38715,38710,38651,33633,38589,32615,33665,33692,32610,33694,39025,32697,39574,33236,34073,32789,38604,33110,33114,33122,33122,39373,35228,35130,35142,32701,32558,38701,0,38619,41,40070,32606,32614,32614,32621,45429,45443,40234,46250,38546,32609,45855,37771,37788,45415,33254
MPSPGB9-1,38274,118,38998,46234,45944,38568,39117,38611,38631,38621,39096,39673,38611,39993,40005,38595,38615,39986,40002,39101,38610,38583,39985,39991,126,39624,36793,39045,46606,36788,36792,38624,36850,38609,38261,38631,36801,46244,39021,46248,40273,38964,40277,38628,39102,38626,38569,38534,38546,40326,40834,39093,39089,39638,40180,46639,46633,38290,38568,38569,38549,38968,38984,38635,38618,38624,38621,43324,38836,38617,40057,6,40331,38636,39815,38639,39821,40343,38670,38591,38616,46409,38540,39056,46410,38983,38554,38535,38620,38623,38622,39032,39641,39680,38628,38640,38581,130,40007,38580,40003,38596,38586,39143,40333,40332,40341,46600,123,38929,39108,38992,38642,38635,38615,38648,38622,38630,46626,46533,102,46566,38589,106,119,33600,46565,46511,38630,46512,46559,38615,38628,33616,38577,40722,46528,117,39997,39989,118,38558,40286,38607,38587,38600,38605,38607,40345,38427,40421,39156,36828,39174,105,39020,39020,39028,39028,40576,39052,38952,38960,38426,39228,40014,38619,0,38623,40667,38642,38649,38643,38641,45946,45959,40811,46567,40312,38616,46426,39665,39671,45977,39140
MPSPGB9-3,33992,38642,35137,46437,45389,33633,33156,33155,33139,33147,33138,37787,33155,39214,39223,34199,34224,39205,39211,33217,33134,34202,39205,39217,38600,37737,34516,32065,46309,34067,34009,46,34046,33662,33981,32581,34012,46062,32862,46039,38773,35134,38777,38,33161,32,33614,33571,33594,38815,40238,33141,33133,37747,39215,46373,46359,34004,34140,34131,34132,35107,35115,33136,33132,20,22,42286,32662,32,39259,38621,39421,33138,38901,33143,38892,39423,32566,33928,27,46345,33612,32626,46334,35143,33581,33606,34190,34187,0,35160,37760,37800,34185,33138,33691,38586,39219,33674,39213,34149,33657,33251,39406,39413,39426,46314,38624,34801,33142,35114,33140,33139,33125,33170,33143,33141,46289,46389,38598,46432,33622,38566,38567,38739,46422,46071,52,46065,46422,33129,50,38749,32821,40119,46238,38598,38696,38691,38656,33615,38794,33135,33655,33683,33126,33680,39017,33129,39564,33252,34566,33255,38609,33102,33103,33112,33116,39371,35224,35128,35142,33135,33068,38678,41,38623,0,40440,33139,33144,33144,33144,45897,45911,40224,46219,39082,33136,45860,37763,37778,45410,33786
MPSPGB90-2,39949,40684,38096,42284,41656,39738,40581,40532,40554,40553,40554,35694,40568,35184,35210,40433,40444,35198,35198,40558,40538,40416,35187,35183,40613,35650,40037,39742,42052,39560,39353,40457,39514,39692,39925,39882,39343,41826,40455,41820,34883,38038,34870,40535,40750,40530,39539,39512,39526,34899,32640,40552,40542,35651,33162,42076,42070,39983,40285,40237,40275,37989,38006,40537,40531,40440,40457,37830,40342,40446,35281,40669,34042,40527,34993,40543,34978,34063,39755,40255,40447,42106,39605,39875,42107,38026,39609,39599,40275,40284,40444,38100,35587,35720,40281,40524,39681,40593,35204,39663,35215,40251,39681,40601,34066,34074,34075,42042,40679,39561,40566,38065,40535,40526,40516,40591,40575,40576,42027,42406,40597,42426,39700,40578,40588,40001,42413,41950,40490,41956,42412,40633,40470,40003,40042,393,42061,40610,34503,34486,40689,39698,34905,40541,39563,39583,40535,39583,33442,40338,32129,40621,40064,40652,40604,40507,40505,40501,40502,32844,38111,38031,38024,40351,40773,34498,40070,40667,40440,0,40519,40533,40550,40529,42339,42344,32617,42062,35184,40507,42028,35587,35578,41696,41348
MPSPGB91,33741,38668,35137,46662,45434,33252,31963,10,8,9,31930,37603,10,39732,39759,33713,33743,39716,39739,31918,8,33707,39721,39731,38615,37559,34038,32024,46647,33739,33592,33145,33631,33270,33713,12,33610,46130,33428,46102,39494,35131,39476,33138,32314,33139,33408,33381,33397,39455,40138,31947,31935,37584,39202,46712,46696,33739,33895,33903,33925,35074,35092,15,15,33128,33139,42431,14316,33131,39788,38649,39877,22,39137,18,39096,39894,31633,33792,33140,46287,33214,31621,46291,35109,33192,33215,33939,33940,33128,35125,37594,37668,33936,12,33299,38614,39749,33277,39745,33907,33260,31994,39881,39894,39899,46660,38655,34815,31944,35120,12,12,12,8,7,6,46546,46606,38624,46628,33235,38599,38602,38595,46630,46168,33169,46143,46624,11,33147,38606,31558,39999,46141,38620,39083,39092,38677,33255,39478,11,33314,33338,10,33325,39361,31883,39789,31940,34145,32120,38633,31908,31908,31903,31903,39871,35189,35093,35101,31896,32247,39114,32606,38642,33139,40519,0,15,14,15,46072,46085,40040,46659,39808,10,46112,37609,37653,45472,32482
MPSPGB92-1,33728,38673,35130,46678,45458,33245,31969,18,15,14,31943,37605,14,39723,39748,33703,33733,39708,39730,31933,14,33694,39711,39722,38627,37561,34034,32042,46669,33734,33586,33156,33627,33261,33700,19,33602,46140,33458,46116,39471,35131,39450,33144,32320,33147,33399,33369,33384,39434,40138,31950,31947,37585,39201,46724,46710,33737,33887,33890,33912,35070,35088,18,21,33135,33151,42442,14322,33135,39772,38655,39876,25,39146,24,39104,39888,31637,33786,33148,46299,33196,31630,46303,35105,33176,33197,33928,33934,33136,35122,37593,37666,33924,15,33286,38631,39739,33264,39738,33897,33246,32004,39877,39889,39892,46673,38663,34825,31952,35114,15,15,15,14,16,11,46569,46611,38635,46636,33222,38614,38614,38617,46639,46182,33177,46156,46630,16,33159,38628,31564,40015,46153,38634,39071,39082,38684,33241,39457,17,33310,33329,15,33312,39359,31892,39780,31952,34136,32130,38638,31924,31925,31916,31918,39879,35191,35095,35105,31912,32253,39103,32614,38649,33144,40533,15,0,3,5,46096,46109,40043,46677,39787,17,46123,37608,37655,45497,32494
MPSPGB92-2,33726,38670,35133,46656,45443,33244,31962,14,12,12,31929,37600,11,39738,39764,33711,33741,39721,39745,31925,12,33704,39725,39735,38615,37554,34039,32042,46658,33730,33579,33150,33621,33262,33698,15,33598,46132,33437,46107,39483,35125,39465,33142,32338,33141,33396,33369,33383,39445,40136,31943,31936,37578,39197,46718,46704,33723,33881,33891,33913,35070,35088,18,19,33136,33148,42439,14308,33138,39788,38649,39895,24,39144,21,39103,39906,31643,33791,33146,46283,33204,31638,46287,35107,33180,33203,33924,33927,33136,35125,37589,37661,33920,16,33288,38617,39754,33264,39751,33894,33248,31994,39896,39908,39910,46667,38657,34826,31944,35116,16,16,16,10,11,10,46557,46600,38623,46624,33224,38598,38602,38608,46623,46170,33172,46143,46619,14,33153,38620,31556,40023,46141,38620,39084,39090,38678,33242,39470,14,33308,33330,14,33316,39366,31887,39787,31945,34139,32137,38634,31909,31909,31904,31906,39881,35184,35090,35099,31901,32250,39112,32614,38643,33144,40550,14,3,0,2,46078,46091,40044,46666,39803,15,46112,37601,37645,45482,32489
MPSPGB92-3,33718,38666,35127,46662,45456,33240,31969,17,14,12,31937,37596,11,39711,39738,33695,33725,39695,39718,31930,11,33689,39700,39709,38620,37549,34023,32043,46665,33730,33582,33152,33623,33259,33690,15,33601,46141,33438,46117,39474,35128,39456,33145,32324,33146,33395,33366,33381,39437,40134,31949,31941,37576,39196,46717,46703,33718,33873,33879,33905,35064,35082,18,18,33131,33146,42445,14313,33135,39760,38648,39864,25,39129,23,39087,39876,31646,33784,33145,46293,33195,31637,46296,35100,33173,33196,33917,33920,33133,35118,37585,37656,33913,15,33283,38621,39728,33261,39724,33884,33245,31997,39865,39877,39880,46671,38654,34837,31949,35109,15,15,15,9,13,11,46564,46611,38629,46636,33221,38604,38607,38617,46636,46180,33177,46155,46630,15,33154,38628,31565,40013,46154,38625,39070,39078,38676,33239,39459,12,33302,33326,14,33309,39353,31885,39778,31951,34124,32127,38634,31915,31915,31910,31911,39880,35187,35093,35100,31902,32249,39099,32621,38641,33144,40529,15,5,2,0,46086,46099,40039,46673,39782,17,46123,37597,37642,45497,32487
MPSPGB93-1,44792,45954,44239,27414,110,45078,46085,46088,46103,46093,46047,43088,46114,43050,43068,45728,45721,43045,43046,46054,46089,45695,43036,43046,45965,43031,45276,45509,25662,44785,44652,45919,44748,45106,44787,45445,44655,26699,46369,26688,42624,44234,42603,45932,46260,45918,45021,44997,44993,42678,41379,46050,46064,43007,41795,25639,25645,44805,45080,45041,45059,44175,44197,46084,46085,45889,45905,39130,46246,45894,43067,45946,42600,46058,42630,46100,42611,42601,45128,45782,45908,26040,45088,45462,26043,44205,45060,45071,45102,45095,45899,44261,43000,43084,45087,46064,45083,45950,43053,45090,43056,45051,45051,46108,42604,42606,42619,25615,45978,45052,46065,44236,46075,46059,46054,46142,46103,46128,25659,26155,45943,26171,45022,45941,45930,46143,26177,26035,45944,26024,26168,46126,45929,46145,45616,41847,26539,45952,42147,42150,45959,45050,42620,46084,45019,45043,46068,45044,41925,45803,40746,46126,45219,46189,45929,46110,46111,46116,46115,42302,44328,44238,44240,45815,46265,42163,45429,45946,45897,42339,46072,46096,46078,46086,0,0,41365,25685,42506,46054,27213,42988,43003,119,46752
MPSPGB93-3,44804,45966,44257,27409,112,45091,46099,46101,46116,46106,46061,43099,46127,43054,43072,45740,45734,43049,43050,46069,46102,45707,43041,43050,45978,43043,45284,45522,25666,44795,44661,45933,44757,45113,44799,45458,44663,26697,46377,26686,42628,44252,42607,45946,46270,45932,45029,45004,45001,42682,41388,46064,46078,43015,41797,25645,25651,44817,45093,45052,45070,44195,44218,46097,46098,45903,45919,39135,46259,45908,43073,45958,42613,46071,42643,46113,42622,42614,45131,45792,45922,26036,45096,45473,26039,44223,45069,45079,45114,45107,45913,44279,43008,43095,45099,46077,45094,45963,43057,45102,43060,45062,45063,46122,42618,42620,42633,25621,45989,45061,46079,44255,46088,46072,46067,46155,46116,46141,25662,26153,45954,26170,45034,45953,45942,46153,26175,26040,45959,26029,26167,46139,45943,46156,45629,41854,26546,45966,42154,42157,45971,45062,42624,46097,45028,45052,46081,45052,41938,45815,40749,46140,45229,46199,45941,46123,46124,46129,46128,42306,44346,44256,44258,45829,46276,42168,45443,45959,45911,42344,46085,46109,46091,46099,0,0,41375,25687,42511,46067,27217,42998,43014,121,46767
MPSPGB94-1,39331,40816,38352,41736,41304,39671,40799,40011,40026,40012,40774,36299,40017,35483,35502,39685,39717,35489,35498,40696,39993,39659,35490,35486,40770,36274,39587,40256,42073,39673,39623,40232,39642,39522,39328,40010,39618,41751,39922,41737,35412,38355,35411,40236,40207,40232,39532,39495,39484,35426,105,40781,40777,36288,33926,42050,42046,39345,39667,39643,39661,38316,38334,40013,40003,40219,40231,38571,39857,40217,35528,40802,34397,40028,35335,40026,35348,34434,39995,39686,40217,42092,39481,40157,42073,38343,39497,39476,39698,39701,40220,38366,36276,36327,39711,40022,39687,40777,35501,39676,35507,39661,39649,40716,34464,34464,34468,42032,40810,39954,40790,38331,40026,40012,39998,40055,40025,40023,41970,42129,40753,42144,39659,40744,40748,40488,42140,41705,40286,41699,42147,40022,40238,40502,40216,32720,41927,40766,34798,34786,40815,39644,35420,40001,39509,39543,40007,39524,34414,40032,31195,40720,39757,40282,40744,40621,40618,40617,40617,33688,38434,38339,38347,40051,39889,34771,40234,40811,40224,32617,40040,40043,40044,40039,41365,41375,0,42150,35441,40006,41694,36313,36306,41352,40887
MPSPGB94-2,45703,46566,44696,26390,25580,45965,47053,46672,46694,46687,47012,43747,46684,43045,43058,46010,46015,43048,43037,46776,46678,45980,43049,43044,46579,43691,45387,46338,600,45563,45409,46237,45521,45952,45690,46644,45427,26435,46210,26429,42605,44654,42608,46271,46435,46279,46084,46024,46033,42649,42144,47036,47028,43690,42077,574,566,45744,45979,45967,45967,44622,44638,46681,46685,46220,46233,40127,46773,46220,43105,46561,42568,46659,42640,46689,42630,42577,45969,45971,46229,26405,45855,46308,26415,44658,45855,45847,46003,46000,46223,44712,43671,43784,45990,46656,45922,46573,43046,45932,43053,45979,45946,46836,42586,42597,42608,562,46577,45642,47037,44684,46664,46646,46645,46715,46696,46705,317,26930,46538,26941,45942,46542,46537,46454,26939,25507,46263,25502,26932,46744,46250,46463,46619,42186,26427,46566,42761,42762,46574,45936,42623,46671,45854,45885,46663,45889,42506,46424,41510,46837,45743,46464,46536,46833,46835,46837,46837,42516,44748,44658,44662,46422,46303,42751,46250,46567,46219,42062,46659,46677,46666,46673,25685,25687,42150,0,42585,46638,27365,43625,43653,25600,47250
MPSPGB95,38787,40313,37231,43211,42073,38746,40015,39776,39784,39787,39981,34958,39801,32900,32918,39319,39368,32903,32913,40052,39777,39320,32902,32907,40259,34899,39781,39478,42581,39274,39075,39079,39143,38624,38754,39111,39072,42518,39992,42508,2073,37198,2060,39122,40021,39136,38509,38483,38495,2075,35488,39978,39966,34930,33128,42666,42657,38803,39091,39096,39113,37162,37161,39795,39783,39065,39081,37529,40025,39073,32996,40318,33637,39789,33842,39796,33842,33659,39060,39370,39080,42518,38550,39203,42515,37191,38551,38536,39142,39137,39065,37230,34904,34948,39137,39792,38735,40273,32925,38712,32929,39118,38746,40115,33648,33649,33657,42598,40301,38966,39982,37201,39794,39785,39777,39802,39786,39788,42556,42819,40238,42858,38758,40230,40225,39818,42843,42324,39103,42311,42850,39851,39083,39853,38927,34717,42533,40243,32746,32736,40320,38727,2056,39796,38574,38599,39786,38604,32972,39194,35023,40114,39716,39895,40240,39978,39977,39978,39976,33893,37269,37176,37181,39192,40167,32747,38546,40312,39082,35184,39808,39787,39803,39782,42506,42511,35441,42585,0,39770,42894,34937,34957,42110,40655
MPSPGB96,33713,38644,35111,46640,45426,33236,31942,6,7,12,31913,37569,11,39712,39738,33686,33716,39694,39721,31910,7,33681,39702,39713,38586,37522,34019,32030,46642,33723,33573,33139,33615,33254,33688,12,33593,46111,33409,46084,39463,35095,39444,33133,32311,33131,33386,33359,33374,39425,40107,31922,31919,37551,39171,46690,46678,33711,33863,33876,33900,35046,35058,13,15,33126,33137,42420,14289,33129,39748,38623,39858,21,39111,15,39077,39870,31635,33781,33138,46273,33200,31624,46274,35081,33173,33196,33912,33912,33127,35102,37567,37638,33904,10,33283,38590,39730,33257,39721,33885,33240,31967,39857,39868,39872,46637,38630,34798,31922,35087,10,10,10,10,8,11,46531,46571,38600,46595,33215,38572,38575,38591,46594,46162,33165,46136,46588,10,33142,38602,31545,39991,46106,38594,39065,39073,38651,33235,39448,12,33297,33321,8,33311,39346,31863,39779,31929,34121,32113,38607,31894,31894,31889,31891,39850,35156,35062,35071,31881,32242,39093,32609,38616,33136,40507,10,17,15,17,46054,46067,40006,46638,39770,0,46092,37570,37599,45464,32448
MPSPGB97-1,45279,46419,44778,27251,27163,45552,46575,46090,46112,46102,46531,43265,46111,42829,42839,45564,45579,42822,42826,46537,46096,45536,42820,42825,46438,43215,45359,46156,27417,45482,45367,45853,45418,45547,45269,46101,45364,27299,45713,27285,42923,44760,42927,45859,46355,45862,45435,45387,45394,42973,41742,46541,46533,43236,41987,27389,27381,45278,45537,45534,45540,44744,44755,46109,46092,45860,45847,39922,46288,45860,42837,46425,42504,46106,42661,46112,42667,42504,45961,45561,45855,26972,45466,46326,26970,44774,45446,45459,45651,45647,45861,44782,43247,43334,45641,46113,45553,46432,42827,45551,42828,45565,45611,46570,42509,42521,42527,27366,46425,45382,46533,44761,46119,46107,46092,46141,46098,46116,27372,27249,46385,27258,45601,46393,46405,46433,27249,27649,45876,27644,27246,46118,45868,46435,45986,42135,27467,46407,42844,42846,46423,45600,42921,46085,45494,45533,46086,45522,42492,46048,41352,46571,45414,46468,46399,46587,46590,46582,46584,42404,44851,44768,44772,46063,46232,42867,45855,46426,45860,42028,46112,46123,46112,46123,27213,27217,41694,27365,42894,46092,0,43236,43248,27174,46658
MPSPGB97-2,36893,39663,36939,43379,42933,37208,38397,37567,37572,37590,38370,225,37586,34616,34636,37233,37266,34632,34621,38384,37560,37222,34613,34616,39626,65,37782,37925,43680,37951,37793,37775,37827,37070,36866,37567,37809,43427,38090,43408,34989,36930,34991,37789,38143,37784,36995,36976,36979,34952,36330,38378,38370,175,34867,43690,43678,36907,37201,37225,37221,36880,36906,37568,37577,37760,37771,38094,37756,37760,34650,39641,34720,37592,34102,37574,34112,34757,37945,37224,37770,43453,37031,38023,43447,36922,37038,37020,37264,37274,37762,36942,173,81,37282,37577,37223,39627,34626,37220,34639,37230,37209,38429,34738,34736,34747,43661,39686,38054,38389,36929,37591,37572,37573,37606,37586,37573,43630,43739,39606,43779,37215,39593,39579,38948,43765,43391,37780,43386,43769,37596,37779,38977,37598,35717,43547,39607,34452,34458,39667,37191,34962,37590,37113,37120,37588,37117,34742,37436,36157,38434,37823,38195,39606,38337,38343,38344,38339,35328,37028,36925,36922,37437,38073,34477,37771,39665,37763,35587,37609,37608,37601,37597,42988,42998,36313,43625,34937,37570,43236,0,0,42977,38440
MPSPGB98,36887,39666,36931,43389,42950,37203,38401,37597,37617,37626,38372,234,37614,34626,34644,37227,37260,34640,34631,38383,37595,37216,34621,34625,39632,79,37796,37948,43709,37966,37806,37791,37843,37063,36860,37611,37824,43438,38101,43424,34999,36924,34999,37804,38160,37799,36988,36969,36972,34974,36322,38383,38375,183,34865,43715,43703,36901,37198,37220,37215,36874,36901,37613,37612,37775,37788,38120,37799,37776,34661,39647,34704,37627,34115,37618,34125,34742,37965,37219,37784,43474,37024,38054,43470,36916,37030,37014,37259,37269,37777,36934,181,106,37276,37621,37217,39633,34637,37216,34652,37224,37204,38428,34723,34721,34732,43685,39690,38059,38393,36923,37634,37601,37607,37648,37615,37616,43650,43757,39610,43795,37210,39599,39583,38970,43780,43395,37795,43390,43790,37640,37795,38996,37622,35713,43563,39613,34455,34461,39673,37188,34969,37618,37113,37118,37617,37115,34728,37445,36141,38435,37843,38221,39613,38340,38345,38346,38342,35331,37022,36917,36915,37462,38108,34481,37788,39671,37778,35578,37653,37655,37645,37642,43003,43014,36306,43653,34957,37599,43248,0,0,42995,38445
MPSPGB99-1,44785,45981,44215,26641,102,45054,46090,45457,45471,45463,46053,43020,45473,42397,42414,45069,45065,42391,42392,46065,45458,45038,42381,42392,45993,42957,44668,45532,25641,44736,44683,45428,44685,45040,44780,45461,44681,26628,45705,26622,42182,44249,42184,45422,45516,45416,45002,44967,44974,42227,41359,46056,46071,42954,41757,25605,25612,44816,45046,45012,45043,44189,44211,45462,45460,45402,45414,39156,45601,45404,42403,45977,41912,45469,42042,45475,42023,41912,45098,45087,45410,26009,45021,45491,26012,44218,44996,45007,45093,45090,45412,44240,42966,43018,45084,45459,45068,45975,42392,45077,42397,45033,45043,46103,41908,41910,41923,25600,46002,44969,46068,44214,45472,45460,45456,45503,45473,45488,25614,26097,45966,26114,45023,45968,45954,46169,26117,25896,45426,25887,26107,45472,45436,46171,45646,41775,26495,45980,42124,42128,45986,45041,42182,45461,45026,45047,45459,45048,41923,45462,40740,46120,44708,45585,45956,46095,46097,46102,46101,42285,44340,44253,44251,45468,45609,42144,45415,45977,45410,41696,45472,45497,45482,45497,119,121,41352,25600,42110,45464,27174,42977,42995,0,46088
Reference,34644,39154,35624,47467,46045,34241,558,32503,32514,32510,549,38496,32508,40383,40414,34276,34292,40385,40405,94,32474,34236,40375,40397,39055,38478,34830,32189,47101,34578,34139,33777,34457,34235,34619,31988,34164,46842,33096,46806,40603,35593,40600,33832,33481,33840,34178,34128,34163,40580,40969,544,542,38484,40013,47173,47163,34713,34750,34746,34774,35547,35564,32488,32486,33762,33765,42881,33377,33768,40486,39137,40508,32477,39875,32509,39851,40535,32571,34687,33774,46741,34073,32548,46729,35599,34056,34057,34814,34832,33767,35632,38458,38604,34826,32500,34152,39175,40404,34130,40403,34765,34181,575,40567,40585,40577,47141,39127,35671,549,35611,32490,32470,32465,32538,32504,32518,46998,47297,39084,47336,34182,39053,39049,38634,47331,47413,33866,47377,47321,32618,33778,38679,33019,40790,46738,39083,39997,39992,39167,34181,40623,32483,34085,34119,32466,34089,39924,33161,40568,565,34814,33360,39086,591,578,556,557,40112,35693,35596,35602,33170,32573,40228,33254,39140,33786,41348,32482,32494,32489,32487,46752,46767,40887,47250,40655,32448,46658,38440,38445,46088,0